A10001 - DIAZEPAM INJ,Amps,383.81,"Ward,ICU, OR Anaesthesia",46,950,Medicines
A10002 - LIGNOCAINE/ LIDOCAINE 1%,Vial,9645,"Ward,ICU, OR Anaesthesia",,,Medicines
A10003 - LIGNOCAINE/LIDOCAINE 2%,Vial,1428,"Ward,ICU, OR Anaesthesia",16,9612,Medicines
A10004 - STREPTOMYCIN 1G INJ,Vial,992.76,"Ward,ICU, OR Anaesthesia",,,Medicines
A10005 - PHENYTOIN IV,Amps,11980,"Ward,ICU, OR Anaesthesia",73,4253.99,Medicines
A10006 - HALOPERIDOL 5MG AMPS,Amps,,"Ward,ICU",10,3078,Medicines
A10007 - RANITIDINE 50MG INJ,Vial,700,"Ward,ICU",,,Medicines
A10008 - AMINOPHYLLINE INJ,Amps,500,"Ward,ICU",33,655.06,Medicines
A10009 - AMIKACIN INJ 500MG INJ,Vial,22000,"Ward, ICU,OR Nursing",80,22000,Medicines
A10010 - ADENOSINE 3MG INJ,Vial,,OR Anaesthesia,,,Medicines
A10011 - AMPICILLIN 500MG VAILS,Vial,,"Ward,ICU",20,539.86,Medicines
A10012 - ARTEMETHER  80MG AMPS,Amps,2168.87,"Ward,ICU",40,2621.67,Medicines
A10013 - MEROPENEM IV,Amps,,"Ward,ICU",50,55290,Medicines
A10014 - ATROPINE 1MG INJ,Amps,272.35,"Ward, OR Anaesthesia",50,240,Medicines
A10015 - BENZYL PENICILLIN INJ,Vial,280,"Ward,ICU",,,Medicines
A10016 - CEFTRIAZONE  EPICEPHEN 1G VAILS,Vial,9500,"Ward,ICU, OR Anaesthesia",40,11040,Medicines
A10017 - CHLORAMPHENICAL 1G,Vial,1140,"Ward,ICU",,,Medicines
A10018 - CHLOROQUINE AMPS,Amps,,"Ward,ICU",,,Medicines
A10019 - CIPROFLOXACILLIN IV,Vial,1246.68,"Ward,ICU",10,1440,Medicines
A10020 -  LACTULOSE 30MLS,Amps,,"Ward,ICU",,,Medicines
A10021 - CLOXACILLIN 500MG,Vial,655.73,"Ward,ICU",50,680.6,Medicines
A10022 - DEXAMETHASONE 4MG INJ,Pkt,58237.39,"Ward,ICU, OR Anaesthesia",2,58237.39,Medicines
A10023 - DICLOFENAC 25MG,Amps,172.36,"Ward, ICU,OR Nursing",100,275.99,Medicines
A10024 - DIGOXIN INJ 2ML,Vial,,"ICU, OR Anaesthesia",5,30000,Medicines
A10025 - DOPAMINE 40MG,Amps,5419.96,OR Anaesthesia,5,6000,Medicines
A10026 - EPINEPHRINE 1:1000,Amps,,"Ward,ICU",,,Medicines
A10027 - FRUSEMIDE INJ,Vial,650,"Ward, OR Anaesthesia",20,353.02,Medicines
A10028 - GENTAMICIN AMPS,Amps,430.63,"Ward, ICU,OR Nursing",400,407.15,Medicines
A10029 - HEPARIN SODIUM INJ,Vial,16393.6,OR Anaesthesia,,57600,Medicines
A10030 - HYDROCORTISONE INJ,Vial,1427.83,"Ward,ICU,OR",50,964.48,Medicines
A10031 - HYPERTONIC SALINE 3% INJ,Amps,,"Ward,ICU,OR",,,Medicines
A10032 - KETAMINE INJ,Vial,3617.6,OR Anaesthesia,,,Medicines
A10033 - IPRATROPIUM BROMIDE 500MG,Amps,1500,OR Anaesthesia,10,18000,Medicines
A10034 - METROCLOPROMIDE INJ,Vial,450,"Ward, ICU,OR Nursing",20,285.6,Medicines
A10035 - METRONIDAZOLE IV,Vial,900,"Ward,ICU",20,1176,Medicines
A10036 - MIDAZOLAM INJ,Pkt,99200,"Ward, ICU,OR Nursing",3,78100,Medicines
A10037 - MORPHINE SULPHATE 15MG,Pkt,23671.05,"Ward, ICU,OR Nursing",3,22300,Medicines
A10038 - NALOXONE INJ,Amps,4923.03,"Ward,ICU,OR",5,5520,Medicines
A10039 - PETHIDINE 100MG,Pkt,17251.17,"Ward, ICU,OR Nursing",4,19700,Medicines
A10040 - PETHIDINE 50MG,Pkt,15326.58,"Ward, ICU,OR Nursing",,,Medicines
A10041 - NEOSTIGMINE INJ,Amps,4258.55,"Ward,ICU,OR",50,7000,Medicines
A10042 - PHENOBARBITAL INJ,Amps,12332.97,"Ward,ICU,OR",30,12332.97,Medicines
A10043 - POTASSIUM CHLORIDE INJ,Amps,2202.98,"Ward,ICU,OR",10,2104.04,Medicines
A10044 - PROMETHAZINE INJ,Amps,,"Ward,ICU",,304.46,Medicines
A10045 - PROPOFOL INJ,Amps,10138.1,"Ward,ICU, OR Anaesthesia",100,8700,Medicines
A10046 - QUININE INJ,Amps,,"Ward,ICU",,,Medicines
A10047 - HALOTHANE 250ML,Bottle,73908.9,OR Anaesthesia,6,87599,Medicines
A10048 - ISOFLURANE  250ML,Bottle,183956.78,OR Anaesthesia,12,138000,Medicines
A10049 - ROCCURONIUM,Amps,,OR Anaesthesia,50,28000,Medicines
A10050 - SEVOFLURANE 250ML,Bottle,424900,OR Anaesthesia,4,600000,Medicines
A10051 - VECURONIUM BROMIDE,Vial,,OR Anaesthesia,,,Medicines
A10052 - SODIUM BICARBONATE 4.2%,Amps,42981,OR Anaesthesia,,,Medicines
A10053 - SODIUM CHLORIDE INJ 0.9%,Vial,,"Ward,ICU,OR",,,Medicines
A10054 - DEPHENHYDRAMINE INJ,Vial,,"ICU, OR Anaesthesia",,8000,Medicines
A10055 - THIOPENTAL SODIUM INJ,Amps,5421.87,OR Anaesthesia,,5400,Medicines
A10056 - TRAMADOL AMPS,Amps,,"Ward,ICU",10,720,Medicines
A10057 - VANCOMYCIN 0.5G,Amps,21500,"Ward, ICU,OR Nursing",50,,Medicines
A10058 - VITAMIN K INJ,Vial,,"Ward,ICU",,836.21,Medicines
A10059 - CIDEX TEST STRIP SOLUTION,Bottle,,"OR Anaesthesia,OR Nursing",3,,Medicines
A10060 - ATRACURIUM  AMPS,Amps,21554.5,OR Anaesthesia,,,Medicines
A10061 - SUXAMETHONIUM IV,Vial,3363.3,OR Anaesthesia,,,Medicines
A10062 - CHLORPROMAZINE INJ,Vial,,"Ward,ICU",,,Medicines
A10063 - CALCIUM GLUCONATE AMPS,Amps,960,"Ward,ICU,OR",10,39332,Medicines
A10064 - DEXTROSE 10% 10ML IV,Bottle,,"Ward,ICU,OR",,,Medicines
A10065 - SODIUM CHLORIDE 0.9% -NS,Bottle,1260,"Ward,ICU,OR",300,1650,Medicines
A10066 - SODIUM LACTATE IV,Bottle,1102,"Ward,ICU,OR",300,1645,Medicines
A10067 - 1/2 STRENGTH DARROWS IV,Bottle,1859.84,"Ward,ICU,OR",30,2638,Medicines
A10068 - DEXTROSE 5% IV,Bottle,1259.81,"Ward,ICU,OR",30,1641,Medicines
A10069 - PARACETAMOL IV,Bottle/100ml,6000,"Ward,ICU,OR",30,8760,Medicines
A10070 - FENTANYL 100MCG/2ML,Pkt,20350,"Ward,ICU,OR",30,19200,Medicines
A10071 - WATER FOR INJ 50 AMPS,Amps,4608.22,"Ward,ICU,OR",18,6281.07,Medicines
A10072 - RABEPRAZOLE SODIUM INJ,Vial,,"Ward,ICU",46,25000,Medicines
A10073 - CEFTRIAXONE-SWITZ  VAILS,Vial,11400,"Ward,ICU,OR",100,,Medicines
A10074 - ALBUTEROL- INHALATION,Bottle,,OR Anaesthesia,10,,Medicines
A10075 - STERILE SODIUM CHLORIDE 30% 3G 10ML,Amps,7300,"Ward,ICU,OR",20,,Medicines
A10076 - GLYCERINE BORAX,Bottle,,"Ward,ICU,OR",,,Medicines
A10077 - LEVOFLOXACILLIN IV,Vial,3480,"Ward,ICU,OR",10,6840,Medicines
A10078 - MAGNESIUM SULPHATE IV,Vial,10000,"Ward,ICU",5,5593.87,Medicines
A10079 - SALBUTAMOL NEBULIZER,Bottle,1600,"Ward,ICU,OR",20,3000,Medicines
A10080 - SALBUTAMOL INHALER,Bottle,,"Ward,ICU,OR",10,5400,Medicines
A10081 - HAEMACCEL (GELATIN),Amps,,OR Anaesthesia,,,Medicines
A10082 - MIVACURIUM CHLORIDE INJ,Amps,,OR Anaesthesia,,,Medicines
A10083 - BUPIVACAINE INJ,Vial,12402,OR Anaesthesia,10,9516.28,Medicines
A10084 - CISATRACURIUM INJ,Vial,16500,OR Anaesthesia,,45000,Medicines
A10085 - DEXTROSE 50% IV,Bottle,2149.8,"Ward,ICU,OR",20,2759,Medicines
A10086 - MANNITOL 20% IV,Bottle,3360.08,"Ward,ICU,OR",20,3500,Medicines
A10087 - ARTESUNATE INJ,Vial,721.69,"Ward,ICU",100,11124,Medicines
A10088 - INSULIN SOLUBLE 10ML,Vial,20000,"Ward,ICU",,,Medicines
A10089 - CAFFEINE INJ,Vial,25000,"Ward,ICU",30,,Medicines
A10090 - AMIODARONE 50MG IV,Vial,,"Ward,ICU",,,Medicines
A10091 - LABETALOL 5MG INJ,Vial,,"OR Anaesthesia,OR Nursing",10,70000,Medicines
A10092 - VASOPRESSIN 20U/ML,Vial,,OR Nursing,,,Medicines
A10093 - EPHEDRINE 50MG/CC,Amps,,OR Anaesthesia,10,2851.2,Medicines
A10094 - HYDRALAZINE 20MG VIAL,Vial,,"Ward,ICU",,,Medicines
A10095 - ADRENALINE/EPINEPHRINE INJECTI,Pack,84680,"Ward,ICU,OR",30,864,Medicines
A10096 - METHYL PREDNISONE,Vial,17000,"Ward,ICU",,,Medicines
A10097 - GLYCOPYROLATE 20MCG/ML/1ML,Amps,10000,OR Anaesthesia,,4000,Medicines
A10098 - DESSEMOPRIN IV,Vial,72000,OR Nursing,,,Medicines
A10099 - IMIPENEM CLASPIN INJ,Amps,63000,OR Anaesthesia,,,Medicines
A10100 - REMIFENTANYL IV,Amps,30000,OR Anaesthesia,,,Medicines
A10101 - LINEZOLID IV,Bottle,30000,"Ward,ICU",20,30000,Medicines
A10102 - TRANEXAMIC ACID IV 500MG/5ML,Amps,5000,"Ward,ICU,OR",20,4384.25,Medicines
A10103 - DOBUTAMINE 250MG/20ML,Amps,25000,OR Anaesthesia,5,40000,Medicines
A10104 - ONDANSETRON INJ 2MG/ML,Amps,5000,"Ward,ICU, OR Anaesthesia",20,3120,Medicines
A10105 - VITAMIN C INJECTION,Amps,7000,"Ward,ICU",,,Medicines
A10106 - FOSFOMYCIN IV 4G,Vial,75000,"Ward,ICU",,,Medicines
A20001 - CLONAZEPAM TAB,Pkt,,"Ward,ICU",2,39000,Medicines
A20002 - ALBENDAZOLE TAB,Tin,3426.3,"Ward,ICU",20,4211.77,Medicines
A20003 - AMPICLOX CAP,Pkt,10000,"Ward,ICU",3,15000,Medicines
A20004 - AMOXYCILLIN CAP,Pkt,,"Ward,ICU",3,7439.5,Medicines
A20005 - LOPERMIDINE CAPS,Pkt,,"Ward,ICU",,,Medicines
A20006 - AMPICILLIN TAB,Pkt,,"Ward,ICU",,,Medicines
A20007 - FERROUS SULPHATE TAB,Pkt,,"Ward,ICU",,,Medicines
A20008 - ERYTHROMYCIN  TABS,Pkt,,"Ward,ICU",,,Medicines
A20009 - ASCORBIC ACID- VITAMIN C TAB,Tin,2600,"Ward,ICU",5,2429.99,Medicines
A20010 - ARTEMETHER TAB,Pkt,,"Ward,ICU",,,Medicines
A20011 - ACETAMINOPHEN TAB,Pkt,,"Ward,ICU",,,Medicines
A20012 - AZITHROMYCIN CAP,Pkt,,"Ward,ICU",,,Medicines
A20013 - AUGMENTIN TAB,Pkt,,"Ward,ICU",,,Medicines
A20014 - BENZYLPENICILLIN TABS,Pkt,,"Ward,ICU",,,Medicines
A20015 - CHLORAMPHENICAL CAP,Pkt,,"Ward,ICU",,,Medicines
A20016 - CHLOROQUINE TAB,Pkt,,"Ward,ICU",,,Medicines
A20017 - CHLORPROMAZINE TAB,Pkt,,"Ward,ICU",,,Medicines
A20018 - DESMOPRESSIN 0.2MG TAB,Ea,,"Ward,ICU",,,Medicines
A20019 - CIPROFLOXACIN TAB,Pkt,8800,"Ward,ICU",3,11760,Medicines
A20020 - CLOXACILLIN CAP,Pkt,,"Ward,ICU",,8596,Medicines
A20021 - COTRIMAZOLE TAB,Tin,3800,"Ward,ICU",2,9814,Medicines
A20022 - DEXAMETHASONE TAB,Pkt,,"Ward,ICU",1,,Medicines
A20023 - DICLOFENAC TAB,Tin,1300,"Ward,ICU",3,1300,Medicines
A20024 - CLARITHROMYCIN TAB,Pkt,,"Ward,ICU",,,Medicines
A20025 - FOLIC ACID TAB 5GM,Tin,6000,"Ward,ICU",150,1800,Medicines
A20026 - FRUSEMIDE  TAB,Pkt,,"Ward,ICU",,,Medicines
A20027 - HALOPERIDON TAB,Pkt,,"Ward,ICU",3,21599.95,Medicines
A20028 - IBUPROFEN  TAB,Pkt,2000,"Ward,ICU",3,2880,Medicines
A20029 - MAGNESIUM TAB,Tin,,"Ward,ICU",,2000,Medicines
A20030 - METRONIDAZOLE TAB,Pkt,2000,"Ward,ICU",3,2918,Medicines
A20031 - NALIDIXIC ACID  TAB,Pkt,,"Ward,ICU",2,19200,Medicines
A20032 - ZINC SULPHATE TABS,Pkt,,"Ward,ICU",,,Medicines
A20033 - DIGOXION TAB,Pkt,,"Ward,ICU",,,Medicines
A20034 - OXYBUTYNINE CAP,Pcs,350,"Ward,ICU",500,,Medicines
A20035 - PARACETAMOL TAB,Tin,1700,"Ward,ICU",10,2137,Medicines
A20036 - RANITIDINE TAB,Pkt,7000,"Ward,ICU",,,Medicines
A20037 - PHENOBARBITAL TAB,Tin,4244.09,"Ward,ICU",50,4720.59,Medicines
A20038 - PHENYTOIN  TAB,Tin,,"Ward,ICU",5,100000,Medicines
A20039 - GRISEOFULVIN TAB,Pkt,,"Ward,ICU",2,23040,Medicines
A20040 - POTASSIUM CHLORIDE,Tin,,"Ward,ICU",1,140000,Medicines
A20041 - PREDNISALONE TAB,Pkt,5195.65,"Ward,ICU",2,2820.19,Medicines
A20042 - LEVOTHYROXINE 50MG TAB,Pkt,28000,"Ward,ICU",,42000,Medicines
A20043 - SALBUTAMOL TABS,Tin,,"Ward,ICU",,,Medicines
A20044 - CARBAMAZEPINE TAB,Pkt,5800,"Ward,ICU",50,6540,Medicines
A20045 - LEVOFLOXACILLIN TAB,Pkt,,"Ward,ICU",,5400,Medicines
A20046 - TRAMADOL TAB,Pkt,,"Ward,ICU",2,8160,Medicines
A20047 - IBRUPROFEN TAB,Tin,,"Ward,ICU",,,Medicines
A20048 - VITAMIN A TAB,Tin,12835.44,"Ward,ICU",,,Medicines
A20049 - VITAMIN B COMPLEX,Pkt,,"Ward,ICU",,4483.56,Medicines
A20050 - SODIUM VALPROATE TAB 200mg,Pkt,58000,"Ward,ICU",50,54000,Medicines
A20051 - MEBENDAZOLE  TAB,Tin,,"Ward,ICU",1,3000,Medicines
A20052 - CODEINE PHOSPHATE TAB,Pkt,114000,"Ward,ICU",,,Medicines
A20053 - DESLORATADINE 5MG TAB,Pkt,20000,"Ward,ICU",,28000,Medicines
A20054 - COARTEM 5-15 KG,Dozen,139.93,"Ward,ICU",120,,Medicines
A20055 - COARTEM 15-25 KG,Dozen,,"Ward,ICU",120,,Medicines
A20056 - COARTEM 25-35 KG,Dozen,393.98,"Ward,ICU",120,,Medicines
A20057 - COARTEM 35KG+,Dozen,539.35,"Ward,ICU",120,,Medicines
A20058 - MEDICINE ENVELOPES,Pkt,1968.24,"Ward,ICU",120,1988.19,Medicines
A20059 - HYDROCORTISONE TAB,Pkt,,"Ward,ICU",3,60000,Medicines
A20060 - FLUCONAZOLE TAB,Pkt,,"Ward,ICU",,,Medicines
A20061 - OMEPRAZOLE CAP,Pkt,,"Ward,ICU",3,4200,Medicines
A20062 - TRAMADOL CAPS,Pkt,,"Ward,ICU",2,6000,Medicines
A20063 - KETOCONAZOL TAB,Pkt,,"Ward,ICU",,,Medicines
A20064 - METOCLOPRAMIDE TAB,Pkt,,"Ward,ICU",,,Medicines
A20065 - PREGABALIN 75MG CAPS,Pkt,,"Ward,ICU",,26400,Medicines
A20066 - PRAZENQUAUTIL TAB,Pkt,,"Ward,ICU",,,Medicines
A20067 - LORAZEPAM 2MG TAB,Tin,,"Ward,ICU",,,Medicines
A20068 - ACYCLOVIR TAB,Pkt,,"Ward,ICU",,,Medicines
A20069 - IBUPROFEN + PARACETAMOL TABS,Pack/100,10400,"Ward,ICU",,,Medicines
A20070 - NITROFURANTOIN  TAB,Pkt,,"Ward,ICU",1,4200,Medicines
A20071 - ACETYL  ACID (ASPRIN) TAB,Tin,,"Ward,ICU",,,Medicines
A20072 - CETIRIZINE  TAB,Pkt,,"Ward,ICU",2,7200,Medicines
A20073 - ANALPRIL TAB,Tin,,"Ward,ICU",,,Medicines
A20074 - BACLOFEN TABS,Pkt,,"Ward,ICU",2,50400,Medicines
A20075 - BENZHEXOL-ARTANE 5MGTAB,Pkt,,"Ward,ICU",3,4537,Medicines
A20076 - NITROGLYCERINE TAB,Pack,,"Ward,ICU",,,Medicines
A20077 - DIAZEPAM TABS,Pkt,550,"Ward,ICU",,,Medicines
A20078 - AMILODIPINE 10MG TABS,Tin,,"Ward,ICU",2,8161,Medicines
A20079 - BISACODYL 5MG TAB,Pkt,,"Ward,ICU",2,3957.53,Medicines
A20080 - LOSACAR 50MG TAB,Pkt,4000,"Ward,ICU",,,Medicines
A20081 - PHENYTOIN CAPSULES,Pack/100,4500,"Ward,ICU",,,Medicines
A20082 - TRANEXAMIC ACID 500MG TABS,Pkt,85500,"Ward,ICU",2,23400,Medicines
A20083 - NIFEDIPINE 20MG,Pkt,3000,"Ward,ICU",2,11160,Medicines
A20084 - MELOXICAM15mg tab,Pkt,20000,"Ward,ICU",,,Medicines
A20085 - FEBRICOL TAB,Pkt,,"Ward,ICU",,,Medicines
A20086 - ATENOLOL 50MG,Pcs,7000,"Ward,ICU",,,Medicines
A20087 - LEVETIRACETAM 500MG (ROWEEPRA),Tin,5000,"Ward,ICU",1,,Medicines
A20088 - LAMOTRIGENE 100MG,Pack,52000,"Ward,ICU",2,84000,Medicines
A20089 - CEFIXIME 200MG TAB,Pack,8000,"Ward,ICU",,25920,Medicines
A20090 - NIMODIPINE 30MG TAB,Pkt,45000,"Ward,ICU",1,,Medicines
A20091 - CAPTOPRIL TABS 25MG,Pkt,30000,"Ward,ICU",,,Medicines
A20092 - LINEZOLID 600MG TAB,Pack,55000,"Ward,ICU",,58000,Medicines
A20093 - ACETAZOLAMIDE 250 MG,Tablet,2000,"Ward,ICU",,2000,Medicines
A20094 - FLUOXETINE CAPSULES,Pack,10000,"Ward,ICU",,,Medicines
A20095 - MISOPROSTOL TAB,Pack,7500,"Ward,ICU",,,Medicines
A20096 - LOSARTAN TAB,Pack,35000,"Ward,ICU",,,Medicines
A20097 - NEURORUBINE TAB,Pkt,12500,"Ward,ICU",,,Medicines
A30001 - AMOXYCILLIN SYRUP,Bottle,1776.06,"Ward,ICU",30,1440,Medicines
A30002 - AZITHROMYCIN SYRUP,Bottle,4200,"Ward,ICU",18,2729.17,Medicines
A30003 - AMPICILLIN SYRUP,Bottle,1440,"Ward,ICU",10,1620,Medicines
A30004 - AMPICLOX SYRUP,Bottle,3179.36,"Ward,ICU",24,2263.28,Medicines
A30005 - AUGMENTIN SYRUP,Bottle,10914.37,"Ward,ICU",10,19500,Medicines
A30006 - CEFIXIME SYRUP,Bottle,6000,"Ward,ICU",10,13200,Medicines
A30007 - ACETAMINOPHEN SYRUP,Bottle,,"Ward,ICU",,,Medicines
A30008 - CEPHALEXIN SYRUP,Bottle,,"Ward,ICU",10,3000,Medicines
A30009 - QUININE SYRUP,Bottle,,"Ward,ICU",,,Medicines
A30010 - CHLORAMPHENICAL SYRUP,Bottle,,"Ward,ICU",10,3300,Medicines
A30011 - CLOXACILLIN SYRUP,Bottle,,"Ward,ICU",10,1500,Medicines
A30012 - COTRIMOXAZOLE SYRUP,Bottle,1094.33,"Ward,ICU",10,1920,Medicines
A30013 - BROZEDEX SYRUP,Bottle,,"Ward,ICU",20,3960,Medicines
A30014 - ARTEMETHER SYRUP,Bottle,13256.9,"Ward,ICU",,,Medicines
A30015 - TUSQ-X- COUGH SYRUP,Bottle,,"Ward,ICU",,,Medicines
A30016 - COUGH SYRUP,Bottle,850,"Ward,ICU",60,1000,Medicines
A30017 - KETOCONAZOLE SYRUP,Bottle,,"Ward,ICU",,,Medicines
A30018 - ERYTHROMICIN SYRUP,Bottle,2116.34,"Ward,ICU",10,2280,Medicines
A30019 - FERRO-B COMPLEX SYRUP,Bottle,2232.79,"Ward,ICU",24,2179,Medicines
A30020 - IBUPROFEN SYRUP,Bottle,900,"Ward,ICU",20,900,Medicines
A30021 - MAGNESIUM SYRUP,Bottle,1896.02,"Ward,ICU",20,2640,Medicines
A30022 - METRONIDAZOLE SYRUP,Bottle,1100,"Ward,ICU",20,2340,Medicines
A30023 - NYSTATIN ORAL SYRUP,Bottle,1920,"Ward,ICU",10,2040,Medicines
A30024 - MULTIVITAMIN SYRUP,Bottle,2191.4,"Ward,ICU",24,2142,Medicines
A30025 - ORAL REH SALTS (ORS),Sacket,1320,"Ward,ICU",100,300,Medicines
A30026 - PARACETAMOL SYRUP,Bottle,1110.46,"Ward,ICU",100,1140,Medicines
A30027 - SALBUTAMOL SYRUP,Bottle,,"Ward,ICU",,,Medicines
A30028 - MUCOLEX COUGH SYRUP 100ML,Bottle,2500,"Ward,ICU",,,Medicines
A30029 - FLUCONAZOLE  SYRUP,Bottle,,"Ward,ICU",,,Medicines
A30030 - PROMETHAZINE SYRUP,Bottle,988.67,"Ward,ICU",,1544.13,Medicines
A30031 - SODIUM VALP SYRUP,Bottle,,"Ward,ICU",5,44730,Medicines
A30032 - CEFALEXIN SYRUP,Bottle,,"Ward,ICU",10,,Medicines
A30033 - AMOXICILN & CLAVULTE SYRUP,Bottle,,"Ward,ICU",,,Medicines
A30034 - CARBAMAZEPINE SYRUP,Bottle,24461.54,"Ward,ICU",5,22590,Medicines
A30035 - BENZYLBENZOATE SYRUP,Bottle,,"Ward,ICU",,,Medicines
A30036 - PIRITEX SYRUP,Bottle,,"Ward,ICU",10,2519.89,Medicines
A30037 - CETRIZINE SYRUP,Bottle,,"Ward,ICU",20,9180,Medicines
A30038 - CEFUROXIME SYRUP,Bottle,,"Ward,ICU",,10680,Medicines
A30039 - ASCORIL COUGH SYRUP,Bottle,3500,"Ward,ICU",20,6240,Medicines
A30040 - DEXAMETHASONE SYRUP,Bottle,,"Ward,ICU",,,Medicines
A30041 - Levofloxaein syrup,Bottle/100ml,2000,"Ward,ICU",5,,Medicines
A30042 - IBUPROFEN + PARACETAMOL 100ML,Bottle/100ml,2800,"Ward,ICU",,,Medicines
A30043 - BENYLIN CODEIN SYRUP 100ML,Bottle/100ml,28000,"Ward,ICU",,,Medicines
A30044 - LACTULOSE 120ML SYRUP,Bottle,8200,"Ward,ICU",5,8400,Medicines
A30045 - DOMPERIDONE SYRUP 30ML,Bottle,5500,"Ward,ICU",5,5800,Medicines
A30046 - CEFPODOXIME SYRUP,Bottle,38000,"Ward,ICU",,38000,Medicines
A40001 - CALAMINE LOTION,Tube,,"Ward,ICU",10,1247,Medicines
A40002 - BETAMETHASONE CREAM,Tube,1706.7,"Ward,ICU",5,2051.33,Medicines
A40003 - DICLOFENAC CREAM,Tube,,"Ward,ICU",10,1020,Medicines
A40004 - CLOTRIMAXAZOLE CREAM,Tube,,"Ward,ICU",12,1170.71,Medicines
A40005 - NEOMYCIN CREAM,Tube,,"Ward,ICU",12,1320,Medicines
A40006 - NYSTATIN CREAM,Tube,,"Ward,ICU",,,Medicines
A40007 - MCG CREAM,Tube,,"Ward,ICU",12,4200,Medicines
A40008 - DEXAMETHAZONE CREAM,Tube,,"Ward,ICU",5,,Medicines
A40009 - HYDROCORTISONE CREAM,Tube,2400,"Ward,ICU",5,2098.67,Medicines
A40010 - HYDROCORTISONE EYEDROP,Tube,,"Ward,ICU",5,,Medicines
A40011 - CHLORAMPHENICAL EYEDROP,Tube,,"Ward,ICU",5,702,Medicines
A40012 - DEXAMETHASONE + NEOMYCIN CREAM,Tube,2400,"Ward,ICU",,,Medicines
A40013 - DEXAMETHASONE EYEDROP,Tube,1800,"Ward,ICU",5,1199.99,Medicines
A40014 - GENTAMYCIN EYE/EAR DROP,Tube,,"Ward,ICU",5,633.53,Medicines
A40015 - LUBRICATING JELLY (K-Y),Tube,11897.69,Ward,500,6000,Medicines
A40016 - PARACETAMOL SUPP 125mg,Pkt,3000,"Ward, OR Anaesthesia",10,3500,Medicines
A40017 - PARACETAMOL SUPP 250mg,Pkt,3500,"Ward, OR Anaesthesia",10,4000,Medicines
A40018 - PARACETAMOL SUPP 500mg,Pkt,,"Ward, OR Anaesthesia",,,Medicines
A40019 - TETRACYCLINE Eye ointment,Tube,848.93,"Ward,ICU",40,1020,Medicines
A40020 - AQUEOUS CREAM,Tube,,"Ward,ICU",,,Medicines
A40021 - DEEP HEAT OINTMENT,Tube,,"Ward,ICU",5,6360,Medicines
A40022 - DIAZEPAM RECTAL,Pkt,56433.07,"Ward,ICU,OR",30,16800,Medicines
A40023 - INSECT REPELLANT,Tube,1900,"Ward,ICU",12,2000,Medicines
A40024 - PROBETA EYE DROP,Tube,2400,"Ward,ICU",,,Medicines
A40025 - BENZYL LOTION,Tube,,"Ward,ICU",,,Medicines
A40026 - DEXONA EYE OINTMENT,Tube,,"Ward,ICU",,,Medicines
A40027 - PROBETA N NASAL DROP,Tube,,"Ward,ICU",5,2900,Medicines
A40028 - ZINC OXIDE OINTMENT,Tube,,"Ward,ICU",,,Medicines
A40029 - COLLODION REMOVER,Bottle,,"Ward,ICU",,,Medicines
A40030 - MICONAZOLE CREAM,Tube,,"Ward,ICU",,,Medicines
A40031 - CLOTRIMAZOLE PESSARIES,Tube,,"Ward,ICU",,,Medicines
A40032 - FASTUM GEL,Tube,40000,Physitherapy,,,Medicines
A40033 - IODINATED - POVIDONE AND METRONIDAZOLE OINTMENT (DREZ),Tube,2500,"Ward, ICU,OR Nursing",10,3500,Medicines
A40034 - IODINATED - POVIDONE AND METRONIDAZOLE POWDER (DREZ),Tube,3000,"Ward, ICU,OR Nursing",10,3000,Medicines
A40035 - BETAMETHASONE 0.1% EYE/EAR/NOSE DROPS,Tube,1194.682,"Ward,ICU",,,Medicines
B10001 - TEGADERM TRANSPARENT,Pkt,,OR Nursing,5,202844,Medical
B10002 - BANDAGE (COBAN),Roll,3710,OR Nursing,20,,Medical
B10003 - ADHESIVE TAPE,Roll,3500,"Ward,ICU",,,Medical
B10006 - SURGICAL CLEAR TAPE,Pack,42000,"Ward,ICU",10,46200,Medical
B10007 - AUTOCLAVE TAPE 50M,Roll,,"Ward, ICU,OR Nursing",20,18378.68,Medical
B10008 - VIEW PACK REEL,Roll,42540,OR Nursing,5,47497.63,Medical
B10009 - HY-TAPE 1/2,Roll,4718.75,OR Anaesthesia,48,2054.42,Medical
B10011 - IDENTITY BANDS,Pkt,78015,"Ward,ICU,OR",5,235410,Medical
B10012 - STERILIZATION INDICATORS,Roll,35125,OR Nursing,5,64068,Medical
B10013 - STERILIZATION POUNCH,Pcs,,OR Nursing,,,Medical
B10014 - MIDAS REX LUBRICANT,Pcs,,OR Nursing,,,Medical
"B10015 - BANDAGE, CREPE 4",Roll,1500,"Physitherapy,OR Nursing",,,Medical
B20001 - 2-0 SILK CN NEEDLE,Pkt,24416,OR Nursing,40,33136,Medical
B20002 - 2-0 SILK RB NEEDLE,Pkt,22724.54,OR Nursing,2,32737.44,Medical
B20003 - 3-0 SILK CN,Pkt,,OR Nursing,,,Medical
B20004 - 3-0 SILK RB,Pkt,21616,OR Nursing,,,Medical
B20005 - 4-0  SILK RB,Pkt,,OR Nursing,,34137.44,Medical
B20006 - 2-0 ETHILON/ NYLON CN,Pkt,32532.72,OR Nursing,10,33972,Medical
B20007 - 3-0 ETHILON/ NYLON CN,Pkt,23883.8,OR Nursing,10,33934,Medical
B20008 - 4-0 ETHILON/ NYLON CN,Pkt,26376,OR Nursing,30,35796,Medical
B20009 - 5-0 NYLON CN,Pkt,,OR Nursing,,36202.44,Medical
B20010 - 6-0 ETHILON/ NYLON CN,Pkt,,OR Nursing,10,38836,Medical
B20011 - 2-0 VICRYL RB,Pkt,26200,OR Nursing,,38582.44,Medical
B20012 - 3-0 VICRYL CN,Pkt,30473.58,OR Nursing,,,Medical
B20013 - 3-0 VICRYL RB,Pkt,29827.14,OR Nursing,30,40394,Medical
B20014 - 4-0 VICRYL CN,Pkt,16435,OR Nursing,,,Medical
B20015 - 4-0 VICRYL RB,Pkt,33096,OR Nursing,40,44916,Medical
B20016 - 5-0 VICRYL RB,Pkt,37362.12,OR Nursing,,,Medical
B20017 - 5-0 VICRYL CN,Pkt,,OR Nursing,,,Medical
B20018 - 6-0 VICRYL CN,Pkt,,OR Nursing,,,Medical
B20019 - 0 NUROLON,Pkt,,OR Nursing,,,Medical
B20020 - 2-0 NUROLON,Pkt,,OR Nursing,,,Medical
B20021 - 3-0 NUROLON RB,Pkt,,OR Nursing,,,Medical
B20022 - 4-0 NUROLON RB,Pkt,,OR Nursing,10,,Medical
B20023 - 4-0 MONOCRYL CN,Pkt,,OR Nursing,,,Medical
B20024 - 5-0 MONOCRYL CN,Pkt,,OR Nursing,,,Medical
B20025 - 5.0 ETHILON CN,Pkt,,OR Nursing,,,Medical
B20026 - 2-0 PROLENE RB,Pkt,44235,OR Nursing,10,,Medical
B20027 - 3-0 PROLENE CN,Pkt,26637.71,OR Nursing,30,35226,Medical
B20028 - 4-0 PROLENE CN,Pkt,42980,OR Nursing,20,37987.44,Medical
B20029 - 4-0 PROLENE RB,Pkt,33382.43,OR Nursing,,38127,Medical
B20030 - 6-0 PROLENE CN,Pkt,,OR Nursing,10,79676,Medical
B20031 - 6-0 PROLENE RB,Pkt,,OR Nursing,,,Medical
B20032 - 7-0 PROLENE CN,Pkt,,OR Nursing,,,Medical
B20033 - 5-0 PROLENE RB,Pkt,39479,OR Nursing,10,40546,Medical
B20034 - SILK 4-0 CN,Pack,280000,OR Nursing,20,34314,Medical
B20035 - NYLON 4/0 RB,Pkt,,OR Nursing,,,Medical
B20036 - 2 NYLON CN,Pack/12,34632,OR Nursing,3,35568,Medical
B20037 - 2 VICRYL CN,Pack/12,46324,OR Nursing,3,47576,Medical
B20038 - 2 VICRYL RB,Pack/12,44770,OR Nursing,3,45980,Medical
B30001 - SHUNTS  LP  SH203,Pkt,6178.57,OR Nursing,2,,Medical
B30002 - SHUNTS  MP SH202,Pkt,8750,OR Nursing,10,,Medical
B30003 - SHUNTS  HP SH201,Pkt,1321.09,OR Nursing,46,,Medical
B30004 - SHUNT RESERVOIR SH011,Pkt,3413.46,OR Nursing,10,,Medical
B30005 - COD MAN SHUNTS MP,Pkt,8750,OR Nursing,,,Medical
B30007 - NEUROSURGICAL PATTIES,Pkt,,OR Nursing,,9952.2,Medical
B30008 - HAEMOSTATE Â®SURGICEL,Pkt,815052.34,OR Nursing,2,746732.15,Medical
B30009 - BONE WAX,Pkt,156467.99,OR Nursing,4,94892,Medical
B30010 - ENZYMATIC CLEANER- 20LTR,Ltr,112172.86,OR,1,,Medical
B30011 - SUPER GLU,Tube,1000,"Ward,OR Nursing",30,1000,Medical
B30012 - COLLODION GLUE,Tube,,Eplipsy,,,Medical
B30013 - CONDUCTIVE PASTE,Tin,,Eplipsy,,,Medical
B30014 - SHUNT PASSER,Pcs,1750,OR Nursing,,,Medical
B30016 - SURGICAL BLADES NO.10,Pkt,14531.47,OR Nursing,10,14432,Medical
B30017 - SURGICAL BLADES NO.11,Pkt,12000,OR Nursing,10,13341,Medical
B30018 - SURGICAL BLADES NO.12,Pkt,,OR Nursing,,,Medical
B30019 - SURGICAL BLADES NO.15,Pkt,15278.95,OR Nursing,10,14164.82,Medical
B30020 - SURGICAL BLADES NO.20,Pkt,,OR Nursing,,13380,Medical
B30021 - LONG HANDLE SHAVERS,Pcs,,"Ward,ICU, OR Nursing, lab",200,500,Medical
B30022 - THERMOMETER CELL,Pcs,,"Ward,ICU, OR,OPD",,,Medical
B30023 - DIGITAL THERMOMETER,Pcs,,"Ward,ICU, OR,OPD",,,Medical
B30024 - CLINICAL THERMOMETER,Pcs,,"Ward,ICU, OR,OPD",,,Medical
B30025 - CONES,Pcs,750,Ward,20,,Medical
B30026 - DRUG LABEL,Pcs,21120,OR,,,Medical
B30027 - SKIN MARKERS,Pcs,631.11,OR,,,Medical
B30029 - NEURO STERILE TIPS,Pack,,OR Nursing,,,Medical
C10001 - SCALP VEIN SET G23,Pkt,13647,"Ward,ICU,OR",3,21000,Medical
C10002 - SCALP VEIN G24,Pkt,13647,"Ward,ICU,OR",,,Medical
C10003 - SCALP VEIN G25,Pkt,13647,"Ward,ICU,OR",,,Medical
C10004 - BURETTE SET-150ML,Pcs,3157.5,"Ward,ICU,OR",150,2747.85,Medical
C10005 - IV PRIMARY SET,Pcs,,"Ward,ICU,OR",,,Medical
C10007 - IV SECONDARY SET,Pcs,,"Ward,ICU,OR",,,Medical
C10008 - IV GIVING SET,Pcs,3205,"Ward,ICU,OR",50,638.41,Medical
C10009 - IV EXTENSION SET,Pcs,2960,OR Anaesthesia,500,15000,Medical
C10010 - IRRIGATION TUBING SET,Pcs,4300,"Ward, ICU,OR Nursing",,,Medical
C10012 - BLOOD GIVING SET,Pcs,1308.67,"Ward,ICU,OR",100,944.54,Medical
"C10013 - STOPCOCK, 3-WAY",Pkt,2550,"Ward,ICU,OR",1,15000,Medical
C10015 - Y CONNECTOR,Pcs,27840,OR anaesthesia,,,Medical
C10016 - IV CANNULAR G16,Pkt,55000,"Ward,ICU,OR",1,36456.5,Medical
C10017 - IV CANNULAR G18,Pkt,57081.34,"Ward,ICU,OR",1,37505.18,Medical
C10018 - IV CANNULAR G20,Pkt,58142.44,"Ward,ICU,OR",3,37362,Medical
C10019 - IV CANNULAR G22,Pkt,40572.55,"Ward,ICU,OR",10,37693.24,Medical
C10020 - IV CANNULAR G24,Pkt,49612.08,"Ward,ICU,OR",10,39822.02,Medical
C10021 - IV CANNULAR G25,Pkt,52780.23,"Ward,ICU,OR",,,Medical
C20001 - URETHRAL CATHETER 8FR  Short,Pcs,175,Ward,300,,Medical
C20002 - URETHRAL CATHETER 8FR  Long,Pcs,175,Ward,300,,Medical
C20003 - URETHRAL CATHETER 10FR Short,Pcs,175,Ward,200,,Medical
C20004 - URETHRAL CATHETER 10FR Long,Pcs,175,Ward,150,,Medical
C20005 - URETHRAL CATHETER 12FR Short,Pcs,175,Ward,100,,Medical
C20006 - URETHRAL CATHETER 12FR Long,Pcs,175,Ward,100,,Medical
C20007 - URETHRAL CATHETER 14FR Short,Pcs,88.51,Ward,50,,Medical
C20008 - URETHRAL CATHETER 14FR Long,Pcs,88.51,Ward,50,,Medical
C20009 - FOLEY CATHETER  6FR  2-WAY,Pcs,2500,Ward,10,,Medical
C20010 - FOLEY CATHETER   8FR 2-WAY,Pcs,2869.87,Ward,10,2423.1,Medical
C20011 - FOLEY CATHETER 10FR 2-WAY,Pcs,1843.61,Ward,10,2383.1,Medical
C20012 - FOLEY CATHETER 12FR 2-WAY,Pcs,2023,Ward,10,2351.19,Medical
C20013 - FOLEY CATHETER 14FR 2-WAY,Pcs,1556.85,Ward,10,2124.36,Medical
C20014 - FOLEY CATHETER 16FR 2-WAY,Pcs,1639.02,Ward,10,2082.78,Medical
C20015 - FOLEY CATHETER 18FR 2-WAY,Pcs,1627.85,Ward,10,2154.1,Medical
C20016 - FOLEY CATHETER 20FR 2-WAY,Pcs,2500,Ward,5,2040.2,Medical
C20017 - FOLEY CATHETER 22FR 2-WAY,Pcs,2500,Ward,5,2301.87,Medical
C20018 - FOLEY CATHETER 24FR 2-WAY,Pcs,2500,Ward,5,1973.9,Medical
C20019 - FOLEY CATHETER 30FR 2-WAY,Pcs,2500,Ward,5,,Medical
C20020 - SUCTION CATHETER   6FR,Pcs,2925,"Ward,ICU, OR Anaesthesia",30,492,Medical
C20021 - SUCTION CATHETER   8FR,Pcs,598.44,"Ward,ICU, OR Anaesthesia",50,462,Medical
C20022 - SUCTION CATHETER 10FR,Pcs,534.3,"Ward,ICU, OR Anaesthesia",30,422.71,Medical
C20023 - SUCTION CATHETER 12FR,Pcs,506.01,"Ward,ICU, OR Anaesthesia",50,488,Medical
C20024 - SUCTION CATHETER 14FR,Pcs,2000,"Ward,ICU, OR Anaesthesia",10,488.42,Medical
C20025 - SUCTION CATHETER HANDLE,Pcs,5000,"Ward,ICU, OR Anaesthesia",,,Medical
C20026 - URINARY DRAINAGE BAGS,Pcs,,"Ward,ICU,OR",,,Medical
C20027 - STERILE URINE COLLECT BAG,Pcs,1056.37,"Ward,ICU,OR",50,937,Medical
C20028 - CSF DRAINAGE SYSTEM,Pcs,,OR Nursing,,,Medical
C20029 - VENTRICULAR CATHETER,Pcs,3200,OR Nursing,,,Medical
C20030 - CENTRAL VENOUS PRESSURE CATHET,Pkt,100000,OR Anaesthesia,10,130000,Medical
C20031 - SUCTION CATHETER FR18,Pcs,1400,"Ward,ICU, OR Anaesthesia",10,488,Medical
C20036 - CATHETER CONDOM MEDIUM,Pcs,959.43,ICU,10,1353.5,Medical
C20037 - PRESSURE TRANSDUCERS,Pcs,150000,OR Anaesthesia,10,150000,Medical
C20038 - PEADITRIC ARTERIAL CATHETER SET G20A X 15CM,Pcs,120000,OR Anaesthesia,5,120000,Medical
C20039 - ADULT ARTERIAL CATHETER SET G18A X 15CM,Pcs,120000,OR Anaesthesia,5,120000,Medical
C30001 - FEEDING TUBE G5,Pcs,900,"Ward,ICU",30,,Medical
C30002 - FEEDING TUBE G6,Pcs,900,"Ward,ICU",50,386.75,Medical
C30003 - FEEDING TUBE G8,Pcs,508.57,"Ward,ICU",50,402.02,Medical
C30004 - FEEDING TUBE G10,Pcs,511.25,"Ward,ICU",50,480.09,Medical
C30005 - FEEDING TUBE G12,Pcs,900,"Ward,ICU",30,480,Medical
C30006 - FEEDING TUBE G14,Pcs,900,"Ward,ICU",20,547.67,Medical
C30007 - FEEDING TUBE G16,Pcs,900,"Ward,ICU",10,617,Medical
C30008 - TONGUE DEPRESSORS,Pkt,144,OR Nursing,1,,Medical
C30009 - SAFETY GOGGLES,Pcs,9531.92,"OR, General service, Maintenance",15,,Medical
C40001 - EXAMINATION GLOVES,Pkt,9964.14,"Ward, ICU,OR,Lab,CT.Scan,OPD",100,,Medical
C40002 - SURGICAL GLOVES 6.5,Pkt,36415.46,"Ward,ICU,OR",5,35938.63,Medical
C40003 - SURGICAL GLOVES 7.0,Pkt,41216.94,"Ward,ICU,OR",10,36000,Medical
C40004 - SURGICAL GLOVES 7.5,Pkt,35919.13,"Ward,ICU,OR",10,35235.3,Medical
C40005 - SURGICAL GLOVES 8.0,Pkt,41564.32,"Ward,ICU,OR",2,33273.72,Medical
C40006 - SURGICAL GLOVES 8.5,Pkt,41550.3,"Ward,ICU,OR",2,,Medical
C40007 - SURGICAL GLOVES 9.0,Pkt,41550.3,"Ward,ICU,OR",2,11046,Medical
C40008 - HEAVY DUTY GLOVES,Pair,8400,"Housekeeping,laundry",30,,Medical
C40009 - HEAT GLOVES - SLIVER & LEATHER,Pair,22000,"Housekeeping,laundry",,,Medical
C40010 - GAUZE HYDROPHYLLIC 90CMX9,Roll,61905.69,"Ward,ICU,OR Nursing",30,41606.14,Medical
C40011 - VASELINE GAUZE,Pkt,,"Ward,ICU",,,Medical
C40012 - COTTON WOOL,Roll,8849.6,"Ward,lab",3,7775,Medical
C40013 - IOBAN - INCISE DRAPE,Pcs,15000,OR Nursing,300,15000,Medical
"C40014 - GLOVES, CLEANING,YELLOW/APPLE",Pair,5000,Gardener,10,6000,Medical
C50001 - LUER NEEDLES G18,Pkt,3120,"Ward,ICU,OR",,,Medical
C50002 - LUER NEEDLES G19,Pkt,3250,"Ward,ICU,OR",,,Medical
C50003 - LUER NEEDLES G20,Pkt,4000,"Ward,ICU,OR",,,Medical
C50004 - LUER NEEDLES G21,Pkt,4000,"Ward,ICU,OR",2,4200,Medical
C50005 - LUER NEEDLES G22,Pkt,4000,"Ward,ICU,OR",2,3721.67,Medical
C50006 - LUER NEEDLES G23,Pkt,4000,"Ward,ICU,OR",2,4000,Medical
C50007 - LUER NEEDLES G25,Pkt,5670,"Ward,ICU,OR",,,Medical
C50008 - SPINAL NEEDLES G20,Pkt,47823.93,"Ward,ICU,OR",2,59088,Medical
C50009 - SPINAL NEEDLES G22,Pkt,51631.82,"Ward,ICU,OR",2,59899.22,Medical
C50010 - SPINAL NEEDLES G25,Pkt,66986.91,"Ward,ICU,OR",2,58779.05,Medical
C50011 - 0.5 ML SYRINGES WITH NEEDLE,Pkt,1500,"Ward,ICU,OR",,,Medical
C50012 - 1ML INSULIN SYRINGES,Pkt,2200,"Ward,ICU,OR",1,,Medical
C50013 - 2ML   SYRINGES WITH NEEDLE,Pkt,17037.31,"Ward,ICU,OR",20,17338.41,Medical
C50014 - 5ML   SYRINGES WITH NEEDLE,Pkt,19455.44,"Ward,ICU,OR",10,16970.94,Medical
C50015 - 10ML SYRINGES WITH NEEDLE,Pkt,13469.63,"Ward,ICU,OR",10,14042,Medical
C50016 - 20ML SYRINGES WITH NEEDLE,Pcs,384.74,"Ward,ICU,OR",800,1600,Medical
C50017 - 60ML SYRINGES WITH NEEDLE,Pcs,1118,"Ward,ICU,OR",10,3500,Medical
C50018 - IML IMMUNISATION SYRINGE,Pkt,2200,"Ward,ICU,OR",2,,Medical
C50019 - CT SCAN SYRINGES 200ML,Pcs,40000,CT.Scan,,,Medical
C50020 - CT SCAN PATIENT LINE 150CM,Pcs,5000,CT.Scan,,,Medical
D10001 - DISPOSABLE BOOTIES,Pkt,,OR,,,Medical
D10002 - TRACHEOSTOMY TUBE 3.0,Pcs,,OR Anaesthesia,2,,Medical
D10003 - TRACHEOSTOMY TUBE 3.5,Pcs,,OR Anaesthesia,2,,Medical
D10004 - TRACHEOSTOMY TUBE 4.0,Pcs,40351.5,OR Anaesthesia,2,43546,Medical
D10005 - TRACHEOSTOMY TUBE 4.5,Pcs,,OR Anaesthesia,2,22916.04,Medical
D10006 - TRACHEOSTOMY TUBE 5.0,Pcs,,OR Anaesthesia,2,,Medical
D10007 - AIRWAY SIZE 0,Pcs,,OR Anaesthesia,3,1050.16,Medical
D10008 - AIRWAY SIZE 00,Pcs,,OR Anaesthesia,3,1053,Medical
D10009 - AIRWAY SIZE 000,Pcs,,OR Anaesthesia,3,,Medical
D10010 - AIRWAY  SIZE 1,Pcs,,OR Anaesthesia,3,1265,Medical
D10011 - AIRWAY SIZE  2,Pcs,,OR Anaesthesia,3,1205,Medical
D10012 - AIRWAY  SIZE 3,Pcs,,OR Anaesthesia,3,1221,Medical
D10013 - AIRWAY GUEDEL SIZE 4,Pcs,1688.83,OR Anaesthesia,3,1689,Medical
D10013 - PEDIATRIC AMBU BAGS,Pcs,27162.27,OR Anaesthesia,5,,Medical
D10014 - ADULT AMBU BAGS,Pcs,57852.87,OR Anaesthesia,5,,Medical
D10015 - BREATHING BAGS,Pcs,21103.21,OR Anaesthesia,5,49000,Medical
D10016 - TRACHEOSTOMY TUBE 6.0MM,Pcs,56957.49,"OR Anaesthesia,ICU",2,,Medical
D10017 - ANESTHESIA CIRCUITS,Pcs,13890.9,OR Anaesthesia,5,,Medical
D10018 - TRACHEOSTOMY TUBE 7.0MM,Pcs,63860.47,"OR Anaesthesia,ICU",2,,Medical
D10019 - TRACHEOSTOMY TUBE SIZE 7.5,Pcs,13539.226,"OR Anaesthesia,ICU",2,13539,Medical
D10020 - CPAP BI LEVEL SYSTEM,Pcs,17952,OR Anaesthesia,,,Medical
D10025 - ENDOTRACHEAL TUBE 2.0,Pcs,,OR Anaesthesia,,,Medical
D10026 - ENDOTRACHEAL TUBE 2.5,Pcs,800,OR Anaesthesia,,1170,Medical
D10027 - ENDOTRACHEAL TUBE 3.0,Pcs,1940.26,OR Anaesthesia,50,1170,Medical
D10028 - ENDOTRACHEAL TUBE 3.5,Pcs,2007.71,OR Anaesthesia,50,1219.09,Medical
D10029 - ENDOTRACHEAL TUBE 4.0,Pcs,2067.75,OR Anaesthesia,50,1428.72,Medical
D10030 - ENDOTRACHEAL TUBE 4.5,Pcs,2111.8,OR Anaesthesia,50,1170.36,Medical
D10031 - ENDOTRACHEAL TUBE 5.0,Pcs,2000,OR Anaesthesia,50,1224,Medical
D10032 - ENDOTRACHEAL TUBE 5.5,Pcs,2200,OR Anaesthesia,50,1457.2,Medical
D10033 - ENDOTRACHEAL TUBE 6.0,Pcs,2184.21,OR Anaesthesia,30,2166,Medical
D10034 - ENDOTRACHEAL TUBE 6.5,Pcs,1269.84,OR Anaesthesia,30,2248,Medical
D10035 - ENDOTRACHEAL TUBE 7.0,Pcs,2000,OR Anaesthesia,20,2240,Medical
D10036 - ENDOTRACHEAL TUBE 7.5,Pcs,2000,OR Anaesthesia,20,1907,Medical
D10037 - ENDOTRACHEAL TUBE 8.0,Pcs,2000,OR Anaesthesia,5,2069,Medical
D10038 - ENDOTRACHEAL TUBE 8.5,Pcs,2000,OR Anaesthesia,5,2309,Medical
D10039 - ENDOTRACHEAL TUBE 9.0,Pcs,1680,OR Anaesthesia,5,,Medical
D10040 - STYLETS,Pcs,1409.52,OR Anaesthesia,,,Medical
D20001 - CARBONDIOXIDE (SODALIME),Tin,,OR Anaesthesia,2,250000,Medical
D20003 - ECG ELECTRODES 3M,Pkt,15837.99,"OR Anaesthesia,ICU",300,,Medical
D20004 - HUMIDIFIERS,Pcs,10836.71,"OR Anaesthesia,ICU",5,,Medical
D20005 - HYHYGROSCOPIC  HUMIDIFIERS,Pcs,,"OR Anaesthesia,ICU",,,Medical
D20006 - BOVIE PENCILS,Pcs,14501.24,"OR Anaesthesia,ICU",20,,Medical
D20007 - NEBULIZER SET,Pcs,,"OR Anaesthesia,ICU",10,,Medical
D20008 - NEBULIZER CAPS,Pcs,406.8,"OR Anaesthesia,ICU",10,,Medical
D20009 - PEDIATRIC NASAL CANNULA,Pcs,9550.71,"OR Anaesthesia,ICU",5,,Medical
D20010 - RECEPTAL CANNISTERS,Pcs,,"OR Anaesthesia,ICU",5,,Medical
D20011 - SUCTION CANNISTERS,Pcs,24000,"OR Anaesthesia,ICU",5,,Medical
D20012 - SUCTION TUBING,Pcs,9552.28,"OR Anaesthesia,ICU",50,8304,Medical
D20013 - OXYGEN TUBING,Pcs,2017.73,"OR Anaesthesia,ICU",10,,Medical
D20014 - CLASSIC HYPERINFLATION SYS,Pcs,,"OR Anaesthesia,ICU",,,Medical
D20015 - NEONATAL OXYGEN MASKS,Pcs,,"OR Anaesthesia,ICU",10,,Medical
D20016 - OXYGEN MASK,Pcs,6870.4,"OR,ICU",10,,Medical
D20017 - OXYGEN MASK CONNECTOR,Pcs,,"OR,ICU",,,Medical
D20018 - RESUSTATION MASKS,Pcs,10908.33,"OR,ICU",,,Medical
D20019 - INFANT FACE MASKS,Pcs,,"OR,ICU",10,,Medical
D20020 - DISPOSABLE FACE MASKS,Pkt,13400,"OR,ICU",100,,Medical
D20025 - FACE MASKS REUSABLE,Pcs,,"OR,ICU",,,Medical
D20026 - THEATRE GOGGLES,Pcs,,OR,10,,Medical
D20027 - HOT WATER BOTTLE,Pcs,21183.99,OR Nursing,,,Medical
D20028 - MUCUS EXTRACTOR,Pcs,,"OR,ICU",,,Medical
D30001 - NITROGEN GAS LARGE,Cylinder,,OR Anaesthesia,2,118000,Medical
D30002 - NITROUS OXIDE LARGE,Cylinder,,OR Anaesthesia,1,3000000,Medical
D30003 - OXYGEN GAS LARGE,Cylinder,,"OR,ICU,CT.Scan",6,32000,Medical
D30004 - OXYGEN GAS SMALL,Cylinder,,"OR,ICU",2,28000,Medical
D30005 - MEDICAL AIR,Cylinder,,OR Anaesthesia,1,,Medical
D30006 - GROUNDING PLATE,Pcs,,OR Nursing,,,Medical
D30007 - GROUNDING PLATE CORD,Pcs,,OR Nursing,,,Medical
D30008 - SHUNT FILTER,Pcs,,OR Nursing,,,Medical
D30009 - DE-IONISED WATER,Ltr,,"OR Nursing,ward",,,Medical
D30010 - SPRAY GUN,Pcs,,Maintenance,,,Medical
F10001 - GLASS CUPS,Pcs,3500,Kitchen,0,,Kitchen
F10002 - TABLE FORKS,Pcs,700,Kitchen,0,,Kitchen
F10003 - TEA SPOONS,Pcs,500,Kitchen,0,,Kitchen
F10004 - SERVING TRAYS,Pcs,10000,Kitchen,0,,Kitchen
F10005 - METTALIC PLATES,Pcs,3000,Kitchen,0,,Kitchen
F10006 - FLASK,Pcs,45000,Kitchen,0,,Kitchen
F10007 - KNIVES,Pcs,4500,Kitchen,0,,Kitchen
F10008 - SERVING SPOONS,Pcs,4000,Kitchen,0,,Kitchen
F10009 - SMALL SAUCEPANS,Pcs,150000,Kitchen,0,,Kitchen
F10010 - LARGE SAUCEPANS,Pcs,450000,Kitchen,0,,Kitchen
F10011 - MEDIUM SAUCEPANS,Pcs,280000,Kitchen,0,,Kitchen
F10012 - GRATER,Pcs,14000,Kitchen,0,,Kitchen
F10013 - ELECTRIC KETTLE,Pcs,62000,Kitchen,0,,Kitchen
F10014 - FUNNEL,Pcs,2000,Kitchen,0,,Kitchen
F20001 - SUGAR,Bag/50kg,122500,Kitchen,1,131000,Kitchen
F20002 - WHEAT FLOUR,Ctn/12,60000,Kitchen,2,61000,Kitchen
F20003 - COOKING OIL,20 Ltr,89500,Kitchen,2,89500,Kitchen
F20004 - SALT,Ctn,19500,Kitchen,1,20500,Kitchen
F20005 - TEA LEAVES,Pkt,4500,Kitchen,5,19500,Kitchen
F20006 - TEA BAGS,Pkt,,Kitchen,5,6000,Kitchen
F20007 - COFFEE,Tin,19000,Kitchen,5,19000,Kitchen
F20008 - JUICE,5 Ltr,3000,Ward,1,16500,Kitchen
F20009 - BISCUITS,Box,8000,Ward,1,6500,Kitchen
F20010 - MATCH BOXES,Pkt,10000,"Kitchen,lab",0,10000,Kitchen
F20011 - SCRUBBING PAD,Pcs,3500,"Kitchen, General service",4,3300,Kitchen
F20012 - STEELWIRE,Roll,6500,Kitchen,1,8500,Kitchen
F20013 - AXION BAR,Pcs,2500,Kitchen,,,Kitchen
F20014 - TUMPECO CUPS,Pcs,951.51,Kitchen,0,,Kitchen
F20015 - WATER JUGS,Pcs,9750,Kitchen,0,,Kitchen
F20016 - PLASTIC JARS,Pcs,12000,Kitchen,0,,Kitchen
F20017 - AXION PASTE,Tin,9500,Kitchen,6,5000,Kitchen
F20025 - TOMATO PASTE,Tin,4500,Kitchen,0,,Kitchen
F20026 - CURRY POWDER,Tin,27000,Kitchen,2,15500,Kitchen
F20027 - MAYONNAISE,Tin,,Kitchen,0,,Kitchen
F20028 - VINEGA,Bottle,,Kitchen,,,Kitchen
F20029 - ROYCO,Box,96000,Kitchen,1,96000,Kitchen
F20030 - BLUE BAND,Kg,4500,Kitchen,6,10500,Kitchen
F20031 - GROUNDNUTS,Kg,,Kitchen,,,Kitchen
F20032 - DRY BEANS,Kg,3500,Kitchen,50,3500,Kitchen
F20033 - MAIZE FLOUR,Kg,2300,Kitchen,50,3800,Kitchen
F20034 - RICE,Kg,3800,Kitchen,100,2200,Kitchen
F20035 - HONEY,Tin,,Kitchen,,,Kitchen
F20036 - Baking Powder,Ctn,72000,Kitchen,,,Kitchen
G10001 - NURSES DRESSES,Pcs,43585,Ward,,,Cloth
G10002 - UNIFORM-NURSING,Pcs,,Ward,,,Cloth
G10003 - UNIFORM-SOCIAL WORK,Pcs,,Social work,,,Cloth
G10004 - UNIFORM-GEN SERVICES,Pcs,,"Housekeeping,laundry",,50000,Cloth
G10005 - UNIFORM-KITCHEN,Pcs,,Kitchen,,,Cloth
G10006 - UNIFORM-PHYSIO,Pcs,,Physiotherapy,,,Cloth
G10007 - UNIFORM-SECURITY,Pcs,,Security,,55000,Cloth
G10008 - SECURITY COATS,Pcs,,Security,,55000,Cloth
G10009 - SCRUB PANTS,Pcs,14875.28,"Ward,OR",,,Cloth
G10010 - SCRUBS- TOPS,Pcs,15411.94,"Ward,OR",,,Cloth
G10011 - SCRUB SKIRTS,Pcs,15200,"Ward,OR",,,Cloth
G10012 - BED SHEETS,Pcs,25016.667,"Ward,ICU,CT.Scan,OPD,Guest House",50,25016.67,Cloth
G10013 - PILLOW CASES,Pcs,,"Ward,ICU,CT.Scan,OPD,Guest House",,,Cloth
G10014 - BLANKETS,Pcs,,"Ward,ICU,CT.Scan,OPD,Guest House",,,Cloth
G10015 - HOUSEKEEPING TOWELS,Pcs,,"Ward,ICU,CT.Scan,OPD,Guest House",,,Cloth
G10016 - STERILE TOWELS,Pcs,,OR Nursing,100,,Cloth
G10017 - CURTAINS,Pcs,,All departments,,,Cloth
G10018 - REUSABLE HEADCAPS,Pcs,,OR,,,Cloth
G10019 - DISPOSABLE HEADCAPS,Pkt,,OR,,,Cloth
G10020 - DRAPE SHEETS,Pcs,,OR Nursing,,,Cloth
G10021 - KHAKI WRAPPERS,Pcs,,OR Nursing,15,,Cloth
G10022 - REUSABLE APRONS,Pcs,,"Housekeeping,laundry",,,Cloth
G10023 - PATIENT GOWNS,Pcs,2852.63,"Ward,ICU",30,,Cloth
G10024 - SURGICAL GOWNS,Pcs,13708.33,OR Nursing,20,,Cloth
G10025 - DISPOSABLE GOWNS,Pcs,,OR Nursing,,,Cloth
G10026 - CLOTH DIAPERS/ NAPPIES,Pcs,1250,OR Anaesthesia,,,Cloth
G10027 - COMPUTER COVERS,Pcs,,,,,Cloth
G10028 - DIRTY LINEN BAGS,Pcs,30000,OR,,,Cloth
G10029 - MAKINTOSH,Pcs,,"Ward,ICU",,,Cloth
G10030 - MOSQUITO NETS,Pcs,925.17,"Ward,ICU",,23000,Cloth
G10031 - INCISE DRAPE,Pcs,,OR Nursing,,,Cloth
G10032 - SHOE COVERS,Pkt,,OR,,,Cloth
G10033 - CURTAIN RINGS,Pcs,,All departments,,,Cloth
G10034 - BABY SHEETS,Pcs,,"Ward,ICU",,,Cloth
G10035 - CLOTH HANGERS,Pcs,,"Housekeeping,laundry,Guest House",,,Cloth
G10036 - UNIFORM-MAINTENANCE,Pcs,,Maintenance,,50000,Cloth
G10037 - CLINICAL GOWNS,Pcs,50804.21,"OR, OPD",,,Cloth
G10038 - BATH TOWELS,Pcs,,Guest House,,,Cloth
G10039 - PILLOWS,Pcs,,"Ward,ICU,CT.Scan,OPD,Guest House",,,Cloth
G10040 - MATTRESS,Pcs,,"Ward,ICU,OR, OPD",,,Cloth
G10041 - T- SHIRTS,Pcs,,Staff,,,Cloth
G10042 - TOURNIQUETS,Pkt,,"Lab, Ward",,,Cloth
G10043 - SCRUB JACKET,Pcs,22365,Ward,,,Cloth
G10044 - KHAKI TOWEL,Pcs,5000,OR Nursing,50,,Cloth
G10045 - WIPPING TOWEL,Pcs,3500,Kitchen,,,Cloth
G10046 - FLYERS,Pcs,400,Marketing,,,Cloth
G10047 - PVC MATERIAL,Meter,8000,OR Nursing,,,Cloth
G20023 - KHAKI MATERIAL,Pcs,160000,OR Nursing,,,Cloth
L10001 - GLASS MEASURING CYLINDER,Pcs,18396.5,Lab,,,Laboratory
L10002 - CONICAL FLASKS,Pcs,9428.57,Lab,,,Laboratory
L10003 - BEAKER GLASS 250 ML,Pcs,6211.84,Lab,,,Laboratory
L10004 - BEAKER GLASS 800ML,Pcs,,Lab,,,Laboratory
L10005 - CULTURETTES,Pcs,,Lab,,,Laboratory
L10006 - DESSICATOR,Pcs,,Lab,,,Laboratory
L10007 - GLASS ROD,Pcs,,Lab,,,Laboratory
L10008 - VOLMETRIC CONICAL FLASK,Pcs,,Lab,,,Laboratory
L10009 - SMALL TESTTUBE BRUSH,Pcs,,Lab,,,Laboratory
L10010 - LARGE TESTTUBE BRUSH,Pcs,,Lab,,,Laboratory
L10011 - GLASS TEST TUBE,Pcs,,Lab,,,Laboratory
L10012 - CANDLE WAX,Pcs,,Lab,,1800,Laboratory
L10013 - CONICAL CENTRIFUGE TUBE,Pcs,,Lab,,,Laboratory
L10014 - PLASTIC CENTRIFUGE TUBE,Pcs,1316.93,Lab,50,1800,Laboratory
L10015 - GLASS CENTRIFUGE TUBE,Pcs,392.26,Lab,,,Laboratory
L10016 - MICROSCOPE OIL,Bottle,,Lab,,,Laboratory
L10017 - MICROSCOPE LENS PAPER,Booklet,,Lab,1,4012.84,Laboratory
L10018 - MICROSCOPE SLIDES 76X26,Pkt,16414.72,Lab,10,7873,Laboratory
L10019 - HEMATOCRIT CAPILLARY TUBES,Pkt,22939.2,Lab,3,,Laboratory
L10020 - CALIBRATED HALOGEN LAMP,Pcs,556000,Lab,,556000,Laboratory
L10021 - MICROSCOPE COVER GLASS 22X22,Pkt,16734.75,Lab,5,66774.82,Laboratory
L10022 - MICROSCOPE COVER GLASS 20X26,Pkt,,Lab,,,Laboratory
L10023 - PLASTIC PETRI DISHES,Pcs,,Lab,100,679.6,Laboratory
L10024 - M-30D DILUENT,5 Ltr,150000,Lab,1,150000,Laboratory
L10025 - M-30R RINSE (20L),20 Ltr,,Lab,1,140000,Laboratory
L10026 - FINNTIPS,Pkt,595.23,Lab,1,,Laboratory
L10027 - WINPETTES,Pkt,160200,Lab,1,,Laboratory
L10028 - M-30CFL LYSE (500ML),Bottle,,Lab,1,140000,Laboratory
L10029 - BLUE PIPETTE TIPS,Pkt,,Lab,1,55000,Laboratory
L10030 - YELLOW PIPETTE TIPS,Pkt,27602.14,Lab,1,45000,Laboratory
L10031 - PLASTIC PASTUER PIPETTES,Pcs,,Lab,200,1347,Laboratory
L10032 - EPPENDORFS,Pcs,200,Lab,200,180,Laboratory
L10033 - KIMWIPES,Pkt,13000,Lab,1,,Laboratory
L10034 - HIV 1/2 STAT PAK,Pkt,,Lab,1,168000,Laboratory
L10035 - HIV CHASE BUFFER,Pkt,,Lab,,,Laboratory
L10036 - HIV DETERMINE 1/11,Pkt,120000,Lab,1,160000,Laboratory
L10037 - HIV UNIGOLD TESTKITS,Pkt,,Lab,,,Laboratory
L10038 - MICROSCOPE BULB COVER,Pcs,,Lab,,,Laboratory
L10039 - QBC CAPILLARY TUBES,Pkt,,Lab,,,Laboratory
L10040 - QBC VENOUS TUBES,Pkt,,Lab,,,Laboratory
L10041 - BIJOU BOTTLES,Pcs,2500,Lab,20,,Laboratory
L10042 - UNIVERSAL BOTTLES,Pcs,3974.84,Lab,20,5127.15,Laboratory
L10043 - SPATULA,Pcs,,Lab,,,Laboratory
L10044 - SPUTUM CONTAINERS,Pcs,267.83,Lab,,,Laboratory
L10045 - CULTURE TUBES,Pcs,,Lab,,,Laboratory
L10046 - DUAL SAMPLE CUPS,Pkt,53065,Lab,,,Laboratory
L10047 - M-30E EZ CLEANER (100ML),Bottle,,Lab,1,720000,Laboratory
L10048 - PENLET NEEDLES,Pkt,12000,Lab,,,Laboratory
L10049 - INOCULATING HANDLE,Pcs,,Lab,,,Laboratory
L10050 - SHARPIE MARKING PENS,Pcs,1817.5,Lab,12,1817.5,Laboratory
L10051 - DIAMOND MARKING PENCILS,Pcs,3300,Lab,1,3300,Laboratory
L10052 - DT MICRO TIPS,Pkt,,Lab,5,,Laboratory
L10053 - PRINTER PAPER,Roll,20000,Lab,1,20000,Laboratory
L10054 - MICROTAINER TUBES 500M,Pkt,65000,Lab,5,75000,Laboratory
L10055 - PLAIN VACUTAINERS,Pkt,45000,Lab,5,58800,Laboratory
L10056 - VACUTAINERS WITH EDTA,Pkt,,Lab,5,55200,Laboratory
L10057 - SST VACUTAINERS,Pkt,65000,Lab,3,75000,Laboratory
L10058 - COUNTING COVER SLIPS,Pkt,,Lab,,27254,Laboratory
L10059 - NEUBAUER COUNTING CHAMBERS,Pkt,,Lab,5,37815.89,Laboratory
L10060 - FILTER PAPER,Pkt,116331.26,Lab,1,335315,Laboratory
L10061 - APPLICATOR SWAB STICKS,Pkt,1175.17,Lab,,,Laboratory
L10063 - NATTELSON TUBES,Pkt,40975,Lab,,40975,Laboratory
L10064 - MALARIA STRIP TESTS,Pkt,758.98,Lab,5,1583.92,Laboratory
L10065 - PREGNANCY TEST STRIPS,Pkt,,Lab,1,5000,Laboratory
L10066 - GLUCOSE TEST STRIP - TRUE RESULT,Pack/50,45000,Lab,,,Laboratory
L10067 - GLUCOSE STRIP- ONETOUCH,Pkt,,Lab,5,75000,Laboratory
L10068 - COMBUR URINE DIPSTICKS,Pkt,750,Lab,,,Laboratory
L10069 - ACETONE 99%,Bottle,197999.94,Lab,1,180000,Laboratory
L10070 - CHOCOLATE AGAR BASE,Bottle,,Lab,,,Laboratory
L10071 - DST AGAR BASE,Bottle,,Lab,,,Laboratory
L10072 - BLOOD AGAR BASE,Bottle,,Lab,,,Laboratory
L10073 - BRAIN HEART INFUSION,Bottle,,Lab,,,Laboratory
L10074 - DI-ETHYL ETHER,Bottle,,Lab,,,Laboratory
L10075 - ETHANOL 95%,Bottle,49301.53,Lab,1,58482,Laboratory
L10076 - VACUTAINER SODIUM CITRATE BLUE TOP,Pack/100,99000,Lab,1,120000,Laboratory
L10077 - FIELD STAIN A,Bottle,18007.7,Lab,1,12915,Laboratory
L10078 - FIELD STAIN B,Bottle,20000,Lab,1,12915,Laboratory
L10079 - FORMALDEHYDE,Bottle,,Lab,1,134520,Laboratory
L10080 - GRAM`S IODINE,Bottle,,Lab,,,Laboratory
L10081 - 2% TURK SOLUTION,Bottle,,Lab,,35000,Laboratory
L10082 - AMMONIA SOLUTION,Bottle,,Lab,,,Laboratory
L10083 - LUGOL`S IODINE,1 Ltr,,Lab,,25000,Laboratory
L10084 - NEUTRAL RED SOLUTION,Bottle,,Lab,,30000,Laboratory
L10085 - SULPHURIC ACID,Bottle,,Lab,,,Laboratory
L10086 - CRYSTAL VIOLET POWDER,Bottle,,Lab,,,Laboratory
L10087 - POTASSIUM HYDROXIDE,Bottle,26175.35,Lab,,,Laboratory
L10089 - HYDROCHLORIC ACID,Bottle,,Lab,,,Laboratory
L10090 - AMMONIUM OXALATE,Bottle,15581.9,Lab,,,Laboratory
L10091 - INDIA INK 100L,Bottle,,Lab,,,Laboratory
L10092 - IEISHMAN STAIN,Bottle,22144.93,Lab,,,Laboratory
L10093 - GIEMSA STAIN,Bottle,,Lab,,,Laboratory
L10094 - SULPHOSALICYLIC ACID,Bottle,,Lab,,,Laboratory
L10095 - IMMERSION OIL,Bottle,,Lab,,,Laboratory
L10096 - VACUTAINER  HEPARIN,Pack,70000,Lab,,70000,Laboratory
L10097 - 3 PARAMETER TESTSTRIPS,Bottle,15000,Lab,5,20000,Laboratory
L10098 - 10 PARAMETER TESTSTRIPS,Bottle,28293.51,Lab,5,45000,Laboratory
L10099 - WIRE LOOP,Pcs,,Lab,,1516,Laboratory
L10100 - WIRE LOOP HANDLE,Pcs,,Lab,,,Laboratory
L10101 - BLOOD TRANSFER BAG,Pcs,3289.89,Lab,50,3500,Laboratory
L10102 - KIDNEY DISH,Pcs,1800,Lab,20,14201.79,Laboratory
L10103 - TB DECOLORIZER,Bottle,,Lab,,,Laboratory
L10104 - ALCOHOL PREP,Pkt,6680.23,Lab,10,7134.07,Laboratory
L10105 - SWAB STICKS,Pcs,,Lab,100,1419.54,Laboratory
L10106 - STOOL EXAM CONTAINERS,Pcs,710.3,Lab,30,664.52,Laboratory
L10107 - SPECIMEN CONTAINERS,Pcs,1150,Lab,,,Laboratory
"L10108 - GLUCOMETER OPTIUM XCEED, ABBOTT FREESTYLE",Pcs,98072.68,Lab,,,Laboratory
L10109 - BASIC FUCHSIN,Pkt,,Lab,,,Laboratory
L10110 - TEST TUBES,Pcs,464.03,Lab,,,Laboratory
L10111 - MAGLUMI WASH CONCETRATE 1X714ML,Pcs,128250,Lab,1,128250,Laboratory
L10112 - MAGLUMI STARTER 1+2 2X30ML,Pcs,205833,Lab,1,205833,Laboratory
L10114 - MAGLUMI REACTION MODULES,Pkt,85420,Lab,1,85420,Laboratory
L10115 - MAGLUMI CORTISOL,Pcs,548625,Lab,1,548625,Laboratory
L10116 - MAGLUMI PRL,Pcs,222300,Lab,1,222300,Laboratory
L10117 - MAGLUMI 800 LIGHT CHECK,Box,154375,Lab,1,154375,Laboratory
L10118 - MAGLUMI GH,Pcs,465975,Lab,1,465975,Laboratory
L10119 - DT PIPETTE DOUBLE TIP,Pcs,,Lab,,,Laboratory
L10120 - BD BACTEC AEROBIC CULTURE VIALS,Bottle,1465000,Lab,,,Laboratory
L10122 - BD BACTEC PEDS PLUS VIALS,Pcs,1465000,Lab,,,Laboratory
L10124 - OPTOCHIN 100 DISCS,Bottle,,Lab,,,Laboratory
L10125 - MEROPENEM DISCS,Pcs,24000,Lab,1,48000,Laboratory
L10127 - ERYTHROMYCIN DISCS,Bottle,,Lab,1,,Laboratory
L20001 - BLOOD GROUPING ANTI-A 10ml,Bottle,18578.74,Lab,2,18794.57,Laboratory
L20002 - BLOOD GROUPING ANTI-B 10ml,Bottle,18463.28,Lab,2,18773.64,Laboratory
L20003 - BLOOD GROUPING ANTI SERUM AB,Bottle,,Lab,,,Laboratory
L20004 - BLOOD GROUPING ANTI-D 10ml,Bottle,27850.63,Lab,2,36209.37,Laboratory
L20005 - ALKALINE PHOSPHATE 10x10ml,Pkt,159000,Lab,,159000,Laboratory
L20006 - VITROS DT SGPT/ALT,Pkt,,Lab,,,Laboratory
L20007 - VITROS DT SGOT/AST,Pkt,,Lab,,,Laboratory
L20008 - VITROS DT BUN,Pkt,,Lab,,,Laboratory
L20009 - VITROS DT CALCIUM,Pkt,,Lab,,,Laboratory
L20010 - ISE CALBRATION PACK (Diestro solution pack),Pkt,850000,Lab,,,Laboratory
L20011 - VITROS DT CHLORIDE,Pkt,,Lab,,,Laboratory
L20012 - VITROS DT CHOLESTROL,Pkt,,Lab,,,Laboratory
L20013 - VITROS DT CONTROL I,Pkt,,Lab,,,Laboratory
L20014 - VITROS DT CONTROL II,Pkt,,Lab,,,Laboratory
L20015 - CREATININE LIQUICOLR 200ML,Pkt,159000,Lab,,115000,Laboratory
L20016 - VITROS  REFERENCE FLUID,Bottle,,Lab,,,Laboratory
L20017 - GLUCOSE LIQUICOLOR,Pkt,159000,Lab,,159000,Laboratory
L20018 - AUTO- BILIRUBIN T  LIQUICLOR 375ML,Pkt,243000,Lab,,243000,Laboratory
L20019 - AST DT VITROS,Pkt,,Lab,,,Laboratory
L20020 - VITROS DT POTASSIUM,Pkt,,Lab,,,Laboratory
L20021 - CHOLESTROL HDL Direct 1 x 80ml,Pack,270000,Lab,1,270000,Laboratory
L20022 - CHOLESTERO LIQUICOLOR 4x30ml,Bottle,159000,Lab,1,159000,Laboratory
L20023 - VITROS DT SODIUM,Pkt,,Lab,,,Laboratory
L20024 - AUTO - BILIRUBIN D LIQUICOLOR TEST KIT,Pkt,243000,Lab,1,243000,Laboratory
L20025 - DT TOTAL PROTEIN,Pkt,,Lab,,109000,Laboratory
L20026 - MAGNESIUM LIQUICOLOR 200ML,Pkt,159000,Lab,1,159000,Laboratory
L20027 - AMPICILLIN  DISC,Bottle,,Lab,1,,Laboratory
L20028 - CIPROFLOXILLIN  DISCS,Bottle,28617.24,Lab,1,35000,Laboratory
L20029 - CHLORAMPHENICOL DISCS,Bottle,,Lab,1,,Laboratory
L20030 - CLOXACILLIN  DISCS,Bottle,,Lab,1,35000,Laboratory
L20031 - AUGMENTIN DISC,Bottle,,Lab,1,35000,Laboratory
L20032 - GENTAMICIN DISCS,Bottle,,Lab,1,48000,Laboratory
L20033 - NALIDIXIC ACID DISCS,Bottle,42047.77,Lab,1,35000,Laboratory
L20034 - NITROFURANTOIN DISCS,Bottle,,Lab,1,,Laboratory
L20035 - TETRACYCLINE DISCS,Bottle,,Lab,1,,Laboratory
L20036 - CO-TROMOXAZOLE DISCS,Bottle,,Lab,1,,Laboratory
L20037 - AMOXYCILLIN DISCS,Bottle,,Lab,1,,Laboratory
L20038 - CEFIXIME SENSITIVITY DISC,Bottle,,Lab,1,35000,Laboratory
L20039 - SALMONELLA ANTIGEN (H),Bottle,,Lab,1,13491,Laboratory
L20040 - SALMONELLA ANTIGEN (O),Bottle,,Lab,1,13472,Laboratory
L20041 - CEFUROXIME SENSITIVITY DISC,Bottle,,Lab,1,35000,Laboratory
L20042 - HUMATROL N 6x5ml,Bottle,226000,Lab,,,Laboratory
L20043 - HUMATROL P 6X5ML,Bottle,226000,Lab,,,Laboratory
L20044 - HUMA CALIBRATORS,Bottle,352000,Lab,,,Laboratory
L20045 - NORFLOXACIN DISC,Bottle,,Lab,1,35000,Laboratory
L20046 - TREPONEMA (TPHA),Bottle,,Lab,,,Laboratory
L20047 - RPR (VDRL-CARBON) KIT,Pkt,,Lab,,,Laboratory
L20048 - RPR CARD,Pkt,,Lab,,,Laboratory
L20049 - FILL PORT CLEANER,Pkt,120000,Lab,,,Laboratory
L20050 - ACETIC ACID,Bottle,,Lab,,,Laboratory
L20051 - BRUCELLA ABORTUS ANTIGEN,Bottle,12744.13,Lab,,13493.46,Laboratory
L20052 - HEPATITIS B VACCINE,Amps,28400,Lab,30,8646.48,Laboratory
L20053 - HBS AG DIPSTICK,Pkt,74116.56,Lab,,,Laboratory
L20054 - RHEUMATOID FACTOR LATEX,Bottle,,Lab,,,Laboratory
L20055 - ANTI SNAKESERUM,Vial,,Lab,,,Laboratory
L20056 - AMPICLOX  DISCS,Bottle,,Lab,1,,Laboratory
L20057 - COTRIMOXAZOLE DISCS,Bottle,31141.14,Lab,1,31141.14,Laboratory
L20058 - BB CHART RECORD PAPER,Pkt,,Lab,,,Laboratory
L20059 - BOROSILICATE TEST TUBES,Pkt,,Lab,,,Laboratory
L20060 - WIDAL KIT POSITIVE CONTROL,Bottle,,Lab,,,Laboratory
L20061 - TUBING SEALING CLIPS,Pkt,,Lab,,,Laboratory
L20062 - ANTI-HUMAN GLOBULIN,Bottle,,Lab,,,Laboratory
L20063 - CIDEX SOL TEST STRIPS,Tin,,Lab,1,,Laboratory
L20064 - MAGNESIUM (Randox),Pack,60000,Lab,1,,Laboratory
L20065 - AMIKACIN DISCS,Bottle,,Lab,1,,Laboratory
L20066 - AZITHROMYCIN DISCS,Bottle,,Lab,1,,Laboratory
L20067 - CEFTRIAXONE DISCS,Bottle,,Lab,1,35000,Laboratory
L20068 - IMPENEM DISCS,Bottle,, ,1,,Laboratory
L20069 - KANAMYCIN DISCS,Bottle,,Lab,1,,Laboratory
L20070 - METRONIDAZOLE DISCS,Bottle,,Lab,1,,Laboratory
L20071 - VANCOMYCIN DISCS,Bottle,,Lab,1,,Laboratory
L20072 - LEVOFLOXACIN DISCS,Bottle,,Lab,1,48000,Laboratory
L20073 - CEFOTAXIME SENSITIVITY DISCS,Bottle,,Lab,1,,Laboratory
L20074 - AMPICILLIN- SULBACTAM DISCS,Bottle,,Lab,1,,Laboratory
L20075 - CLARITHROMYCIN DISCS,Bottle,,Lab,1,,Laboratory
L20076 - CLED AGAR 500G,Bottle,,Lab,,,Laboratory
L20077 - CRYSTAL VIOLET SOLN,Bottle,,Lab,,35000,Laboratory
L20078 - LINCOMYCIN DISCS,Bottle,,Lab,1,,Laboratory
L20079 - DIESTRO SOLUTION PACK,Bottle,,Lab,1,850000,Laboratory
L20080 - ON CALL PLUS GLUCOSE TEST STRIPS,Pkt,45000,Lab,,45000,Laboratory
L20081 - EOSIN SOLUTION,Bottle,,Lab,,,Laboratory
L20082 - TRYPTONE AGAR BASE,Bottle,,Lab,,,Laboratory
L20083 - GRAM`S STAIN SET,Pack,,Lab,,,Laboratory
L20084 - WASH ADDITIVE 4X25ML,Bottle,105000,Lab,,105000,Laboratory
L20085 - HARRIS HEMATOXYLIN,Bottle,,Lab,,,Laboratory
L20086 - THIOGLYCOLATE,Bottle,,Lab,,,Laboratory
L20087 - PEPTONE WATER,Bottle,,Lab,,,Laboratory
L20088 - PM D.S.T AGAR,Bottle,,Lab,,,Laboratory
L20089 - M-30P PROBE CLEANER,Bottle,,Lab,1,,Laboratory
L20090 - ANTIBIOTIC SENSIDISCS,Pack,,Lab,1,,Laboratory
L20091 - SODIUM CITRATE,Bottle,,Lab,,,Laboratory
L20092 - ALBUMIN 5X50ML,Bottle/50ml,42000,Lab,,95000,Laboratory
L20093 - SODIUM METABISULPHITE,Bottle,,Lab,,,Laboratory
L20094 - EASYLYTE CAPILLARY ADAPTER KIT,Pack,395692,Lab,,395692,Laboratory
L20095 - EASYLYTE URINE DILUENT,Bottle/500ml,47600,Lab,1,47600,Laboratory
L20096 - ALUMINIUM SEALING CLIPS,Pack/1000,109140,Lab,,109140,Laboratory
L20097 - EASYLYTE INTERNAL FILLING SOLU,Bottle,,Lab,1,,Laboratory
L20098 - EASYLYTE WASH SOLUTION,Bottle,,Lab,1,,Laboratory
L20099 - EASYLYTE SOLUTION PACK,Bottle,,Lab,1,,Laboratory
L20100 - CHOLESTROL Direct  LDL 1 x 80ml,Pack,414000,Lab,1,750000,Laboratory
L20101 - DTE ELECTROLYTE REFERENCE SOLU,Box,,Lab,1,,Laboratory
L20102 - CARBON FUCHSIN- STRONG,Bottle,,Lab,,,Laboratory
L20102 - LIPID CONTROL LEVEL 1 -3 ML,Pack,120000,Lab,,120000,Laboratory
L20103 - HEMATOLOGY HEM CONTROLS 3ML,Pack,100000,Lab,,120000,Laboratory
L20103 - METHYLENE BLUE SOLN,Bottle,,Lab,,,Laboratory
L20105 - MALACHITE GREEN,Bottle,,Lab,,,Laboratory
L20106 - MACCONKEY AGAR,Bottle,,Lab,,,Laboratory
L20107 - MUELLER HINTON AGAR,Bottle,,Lab,,,Laboratory
L20108 - XYLOSE LYSINE DEO AGAR,Bottle,,Lab,,,Laboratory
L20109 - SABOURAUD DEXTROSE AGAR,Bottle,,Lab,,,Laboratory
L20110 - ALT (SGPT) DT VITROS,Pkt,,Lab,,,Laboratory
L20111 - BOTTLE 300ML,Pcs,,Lab,,,Laboratory
L20112 - 9 PARAMETER TEST STRIP,Bottle,,Lab,,,Laboratory
L20113 - HYDROGEN PEROXIDE,Ltr,,Lab,,,Laboratory
L20114 - SIMMONS CITRATE AGAR,Bottle,,Lab,,,Laboratory
L20115 - B30 Control  1ml (Mindray),Pack,100000,Lab,1,160000,Laboratory
L20116 - OXIDASE DISC,Bottle,,Lab,,,Laboratory
L20117 - BACITRACIN DISC,Bottle,,Lab,,,Laboratory
L20118 - UREA 40%,Bottle,,Lab,,532000,Laboratory
L20119 - ISO AMYL ALCOHOL,Ltr,,Lab,,,Laboratory
L20120 - Urea/Bun- Color 50ml,Pack/4,90000,Lab,,,Laboratory
L20215 - KLINGER IRON AGAR,Bottle,,Lab,,,Laboratory
L20221 - UREA AGAR BASE,Bottle,,Lab,,,Laboratory
L20222 - MIU MEDIA,Bottle,,Lab,,,Laboratory
L20223 - CALIBRATOR,Bottle,,Lab,,,Laboratory
L20224 - DRYSLIDE INDOLE,Booklet,,Lab,,,Laboratory
L20225 - T3 KIT,Pack,,Lab,,,Laboratory
L20226 - A- AMALYSE DIRECT 5X5ML,Pack,120000,Lab,,,Laboratory
L20227 - CALCIUM (RANDOX),Pack,54000,Lab,,,Laboratory
L20228 - STAT FAX 3300 FLOW CELL CLEANI,Bottle,10914,Lab,,,Laboratory
L20229 - TRIGLYCERIDES 1 x 50 ml,Pack,60000,Lab,,,Laboratory
L20230 - GOT (ASAT) TESTING KIT 10x10ML,Bottle,176000,Lab,,,Laboratory
M10001 - WEIGHING SCALE PEDIATRIC,Pcs,239106,"Ward,ICU,OPD",,,Other Medical
M10002 - PEDIATRIC LARYGSCOPE BLADE,Pcs,478123.13,OR Anaesthesia,,,Other Medical
M10003 - DIGITAL INF. WEIGHING SCALE,Pcs,,"Ward,ICU,OPD",,,Other Medical
M10004 - BAIR HUGER BLANKETS,Pkt,160540,OR Nursing,10,,Other Medical
M10005 - MOSQUITO TRAP,Pcs,30000,Ward,,,Other Medical
M10006 - CHILD CUFF,Pcs,39424.3,"Ward,ICU",,,Other Medical
M10008 - ADULT CUFF,Pcs,,"Ward,ICU",,,Other Medical
M10009 - WEIGHING SCALE ADULT,Pcs,,"Ward,OPD",,,Other Medical
M10010 - OXYGEN SENSOR,Pcs,17522.22,"OR,ICU",100,,Other Medical
M10011 - MAYO COVER,Pcs,,OR Nursing,10,,Other Medical
M10012 - STRETCHER SHEETS,Pcs,,OR,,,Other Medical
M10013 - MICROSCOPE COVER,Pcs,,Lab,,,Other Medical
M10014 - STAINLESS STEEL BOWL,Pcs,,OR Nursing,,,Other Medical
M10015 - GAUZE SCISSORS,Pcs,,Ward,,,Other Medical
M10016 - HAMMER (PATELLA),Pcs,,OR Nursing,,,Other Medical
M10017 - STETHOSCOPE,Pcs,,"Ward,OR, ICU,OPD",,,Other Medical
M10018 - OR LIGHT BULBS,Pcs,,OR,,,Other Medical
M10019 - EXAMINATION SMALL TORCHES,Pcs,,"Ward,OPD,OR,ICU",,,Other Medical
M10020 - FIBEROPTIC OTOSCOPE,Pcs,,OPD,,,Other Medical
M10021 - SUTURE PASSERS,Pcs,,OR Nursing,,,Other Medical
M10022 - CURVED SUTURE PASSER,Pcs,,OR nursing,,,Other Medical
M10023 - REPLACEABLE BULB,Pcs,,OR,,,Other Medical
M10027 - AUTOCLAVE WING NUTS,Pcs,,OR Nursing,,,Other Medical
M10028 - SPHYGMOMANOMETER,Pcs,,ICU,,,Other Medical
M10168 - STERILIZATION TRAY,Pcs,,OR Nursing,,,Other Medical
M10196 - BOTTLE SCREW CAPS,Pcs,,OR Nursing,,,Other Medical
M10197 - FIRST AID KIT,Set,130900,Vechicles,,,Other Medical
O10001 - BATTERIES 1.2V,Pcs,,Admin,,,General Office
O10002 - BATTERIES 1.5V,Pcs,,Admin,,,General Office
O10003 - BATTERIES 6V,Pcs,,Admin,,,General Office
O10004 - BATTERIES 9VOLTS,Pcs,16000,OR,2,,General Office
O10005 - BATTERIES AA,Pcs,4000.01,All departments,10,,General Office
O10006 - BATTERIES AAA,Pcs,2500,OR ,10,,General Office
O10007 - BATTERIES SIZE C,Pcs,6000,Admin,4,,General Office
O10008 - BATTERIES SIZE D,Pcs,,All departments,,,General Office
O10009 - RECHARGEABLE BATTERIES,Pcs,,Admin,,,General Office
O10010 - BATTERY - TIGER,Pcs,,Admin,,,General Office
O10011 - SPACELAB MONITOR BATTERIES,Pcs,,ICU,4,,General Office
"O10012 - COUNTER BOOK, A4",Pcs,6000,All departments,5,10000,General Office
"O10013 - COUNTER BOOK, A5",Pcs,3277.78,All departments,5,3000,General Office
O10014 - SHORTHAND NOTEBOOK,Pcs,1500,All departments,5,1200,General Office
O10015 - WHILE AWAY NOTEPADS,Booklet,,All departments,,,General Office
O10016 - STICKY MEMO PAD,Booklet,,All departments,5,9000,General Office
O10017 - COLOURED PAPER,Ream,,Admin,,,General Office
O10018 - RULED PAPER,Ream,11000,Ward,1,,General Office
O10019 - PAPER A3,Ream,,Admin,,,General Office
O10020 - PAPER FILES,Pcs,450,Ward,20,500,General Office
O10021 - PAPER PROTECTOR,Pcs,,Ward,10,400,General Office
O10022 - SPRING FILES,Pcs,,OPD,100,2000,General Office
O10023 - PRINTER CARTIDGE  32,Pkt,,Admin,,,General Office
O10024 - PRINT CARTRIDGE  33,Pkt,,Admin,,,General Office
O10025 - PRINT CATRIDGE,Pkt,,Admin,,,General Office
O10026 - PRINTING INK,Bottle,,Admin,,,General Office
O10027 - INK CARTRIDGE,Pkt,,Admin,,,General Office
O10028 - SELF INKING INK,Bottle,,Admin,,,General Office
O10029 - FAX CARTRIDGE,Pkt,,Admin,,,General Office
O10030 - FILE DIVIDERS,Pkt,8300,"Ward, Admin",5,9000,General Office
O10031 - SMALLEST ENVELOPES,Pkt,50,Lab,,,General Office
O10032 - ENVELOPES  9*4,Pcs,100,All departments,100,,General Office
O10033 - ENVELOPES A3,Pcs,,All departments,,,General Office
O10035 - ENVELOPES A4,Pcs,240,All departments,50,200,General Office
O10036 - ENVELOPES A5,Pcs,,All departments,,,General Office
O10037 - CALCULATOR,Pcs,,All departments,,,General Office
O10038 - RULER,Pcs,500,All departments,,,General Office
O10039 - CELLOTAPE,Pcs,3200,All departments,2,,General Office
O10040 - DOOR STOPPERS,Pcs,,All departments,,,General Office
O10041 - DIARIES,Pcs,,All departments,,,General Office
O10042 - TIMER CLOCK,Pcs,,Lab,,,General Office
O10043 - WALL CLOCKS,Pcs,,All departments,0,25000,General Office
O10044 - DESK CALENDER,Pcs,,All departments,,,General Office
O10045 - OFFICE TRAY,Pcs,,All departments,0,40000,General Office
O10046 - CLIP BOARDS,Pcs,,Ward,,,General Office
O10047 - BINDER CLIPS,Pkt,,Admin,,,General Office
O10048 - PAPER CLIPS,Pkt,500,Admin,10,,General Office
O10049 - NOTICE BOARD PINS,Pkt,,Admin,,,General Office
O10050 - STAPLER,Pcs,,All departments,0,20000,General Office
O10051 - STAPLES,Pkt,1200,All departments,10,960,General Office
O10052 - INK FOR STAMP,Ea,7333.33,All departments,3,112000,General Office
O10053 - STAMP,Pcs,70000,All departments,,,General Office
O10054 - STAMP PAD,Pcs,,"Ward,OPD",0,3000,General Office
O10056 - HIGHLITERS,Pcs,1500,All departments,5,,General Office
O10057 - SHAPPENING PAPER MARKERS,Pcs,,,,,General Office
O10058 - PERMANENT MARKERS,Pcs,569.08,All departments,12,416.67,General Office
O10059 - WHITE BOARD MARKERS,Pcs,1156.25,"Ward,OPD,SPC",12,2000,General Office
O10060 - MASKING TAPE,Roll,2000,"Ward,OR",10,,General Office
O10061 - PACKING TAPE,Roll,,"Lab, Admin",,,General Office
O10062 - MECHANICAL PENCILS,Pcs,,Maintenance,,250,General Office
O10063 - ORDINARY PENCILS,Pcs,125,All departments,3,420,General Office
O10064 - PENS,Pcs,363.77,All departments,100,,General Office
O10065 - RUBBERS-ERASERS,Pcs,,All departments,2,,General Office
O10066 - RUBBER BANDS,Pkt,,OR Nursing,2,,General Office
O10067 - SECURITY TOUCHES,Pcs,16000,Security,,,General Office
O10068 - DUSTERS,Pcs,,"Ward, SPC,OPD",,,General Office
O10069 - GLUE STICK,Pcs,,All departments,5,5000,General Office
O10070 - OFFICE GLUE,Bottle,1500,All departments,2,,General Office
O10072 - HOLE PUNCH,Pcs,,All departments,,,General Office
O10074 - DRY CELL,Pcs,,,,,General Office
O10075 - CD-R,Pcs,,CT.Scan,,,General Office
O10076 - CD-RW,Pcs,,CT.Scan,,,General Office
O10077 - DVD-RW,Pcs,,CT.Scan,50,,General Office
O10078 - TAPE MEASURE,Pcs,,"OPD,Ward",,,General Office
O10079 - PAD LOCKS,Pcs,,,,,General Office
O10080 - FAN,Pcs,,All departments,0,15000,General Office
O10081 - MOUSE,Pcs,,All departments,,,General Office
O10083 - TELEPHONE HANDSETS,Pcs,,All departments,,,General Office
O10084 - COLOR PRINTING PACK,Pkt,,Admin,,,General Office
O10085 - HOLDERS/ORGANIZERS,Pcs,,Admin,,,General Office
O10087 - NOTEPADS A4,Booklet,,Admin,,,General Office
O10090 - SUSPENSION FILES,Pcs,1500,Admin,10,,General Office
O10091 - BATTERY CHARGER,Pcs,,,,,General Office
O10092 - PLASTIC FILE FOLDER,Pcs,1500,Admin,,,General Office
O10093 - DOOR LOCK,Pcs,,All departments,,,General Office
O10099 - ORDINARY TORCHES,Pcs,,Security,,,General Office
O10104 - WHITEOUT,Pcs,3000,All departments,5,,General Office
O10113 - CARBON PAPER,Pkt,,All departments,1,,General Office
O10114 - Staple Remover,Pcs,3000,All departments,,,General Office
O10115 - Flash Disk (8GB),Pcs,38000,"Admin,SPC",0,40000,General Office
O20001 - ACHOLI BIBLE,Pcs,,SPC,,,General Office
O20002 - ATESO BIBLE,Pcs,,SPC,,,General Office
O20003 - LANGO BIBLE,Pcs,,SPC,,,General Office
O20004 - SWAHILI BIBLE,Pcs,,SPC,,,General Office
O20005 - LUGANDA BIBLE,Pcs,,SPC,,,General Office
O20006 - RUKIGA BIBLE,Pcs,,SPC,,,General Office
O20007 - ENGLISH BIBLE,Pcs,,SPC,,,General Office
O20008 - LUSOGA BIBLE,Pcs,,SPC,,,General Office
O20009 - DHUPADHOLA BIBLE,Pcs,,SPC,,,General Office
O20010 - BIBLE TAPES,Pcs,,SPC,,,General Office
O20011 - VIDEO TAPE,Pcs,,SPC,,,General Office
O20012 - KUPSABINYI BIBLE,Pcs,,SPC,,,General Office
O30001 - CDC GROWTH CHARTS-GIRLS,Booklet,11000,OPD,3,,General Office
O30002 - CDC GROWTH CHARTS- BOYS,Booklet,11000,OPD,3,,General Office
O30003 - Lab Form D,Booklet,6000,Lab,,,General Office
O30004 - Blood Gas  Analysis Form,Booklet,10000,Lab,1,,General Office
O30005 - DEATH CERTIFICATE,Booklet,10000,Ward,1,,General Office
O30006 - THEATRE STOCK CARD,Booklet,11000,OR ,,,General Office
O30007 - HEADED PAPER A5,Booklet,6000,OPD,10,,General Office
O30008 - HEADED PAPER A4,Booklet,11500,OPD,2,,General Office
O30009 - PATIENT STATISTIC,Booklet,8714.29,OPD,,,General Office
O30010 - CONSENT FORM-RESEARCH,Booklet,12000,Research,1,,General Office
O30011 - WARD DAILY CENSUS,Booklet,7166.67,Ward,5,,General Office
O30012 - DAILY PATIENT CENSUS SUMMARY A,Booklet,11000,Ward,5,,General Office
O30013 - NURSING DAILY CENSUS STATISTIC,Booklet,12000,Ward,,,General Office
O30014 - HMIS PATIENT REGISTER,Booklet,,Ward,,,General Office
O30015 - CURE CONSHA STUDY FORM,Booklet,12000,Research,1,,General Office
O30016 - 24HR CHART CHECK FORM,Booklet,12000,Ward,5,,General Office
O30016 - PATIENT TREATMENT PLAN,Booklet,12000,Ward,1,,General Office
O30017 - Doctor's Operative Note - ETVCPC,Booklet,12000,Ward,1,,General Office
O30017 - MAINTENANCE SS REQ A5,Booklet,10000,Maintenance,1,,General Office
O30018 - BLOOD TRANSFUSION,Booklet,12000,Lab,1,,General Office
O30018 - Doctor's Operative Note - MMC f Repair,Booklet,12000,OR ,1,,General Office
O30019 - Doctor's Operative Note - VP f Shunt,Booklet,12000,OR,1,,General Office
O30019 - DOCTORS` EXAMINATION,Booklet,12000,OPD,5,,General Office
O30020 - DOCTOR`S ORDER SHEET,Booklet,11333.33,OR,5,,General Office
O30021 - SUPPLIES REQ. A5,Booklet,6000,All departments,,,General Office
O30022 - SUPPLIES REQUISITION A4,Booklet,12000,All departments,5,,General Office
O30023 - LAB FORM A  A5,Booklet,6000,Lab,5,,General Office
O30024 - LAB FORM B  A5,Booklet,,Lab,3,6000,General Office
O30025 - LAB FORM C  A5,Booklet,6000,Lab,3,,General Office
O30026 - COMPATIBILITY FORMS,Booklet,12000,Lab,1,,General Office
O30027 - REFERRAL NOTES,Booklet,12000,Ward,1,,General Office
O30028 - VITAL SIGNS,Booklet,12000,Ward,5,,General Office
O30029 - OPERATIVE  REPORT,Booklet,10000,OR Nursing,5,,General Office
O30030 - OPERATING ROOM SCHEDULE,Booklet,12000,OR Nursing,5,,General Office
O30031 - PATIENT ADMISSION CONSCENT For,Booklet,12000,Ward,1,,General Office
O30032 - STANDARD ADM DOCTOR`S ORDEROR,Booklet,12000,Social Work,5,,General Office
O30033 - PURCHASE ORDER BOOKS,Booklet,,Admin,1,12000,General Office
O30034 - PEDIATRIC INITIAL EVALUATION 2,Booklet,12000,Physiotherapy,,,General Office
O30035 - PRE-OP CHECKLIST,Booklet,11750,OR Nursing,5,,General Office
O30036 - PROGRESS NOTES,Booklet,14000,Ward,5,12000,General Office
O30037 -  REQUISITIONS/ADVANCE FORM,Booklet,6000,Admin,5,12000,General Office
O30038 - RECEIPT BOOKS A5,Booklet,5666.67,Admin,10,5000,General Office
O30039 - CASH PAYMENT VOUCHER A5,Booklet,,Admin,5,5000,General Office
O30040 - CHEQUE PAYMENT VOUCHER,Booklet,15555.56,Admin,1,13000,General Office
O30041 - INVOICE BOOKS A5,Booklet,5000,Social Work,,,General Office
O30042 - OPERATING ROOM RECORD,Booklet,14000,OR Nursing,5,12000,General Office
O30043 - GATE PASS,Booklet,10750,All departments,,,General Office
O30044 - GATE PASS A5,Booklet,5666.67,All departments,2,,General Office
O30045 - CRITICAL CARE,Booklet,,Ward,5,,General Office
O30048 - SCHEDULED MEDICATION,Booklet,13000,Ward,5,,General Office
O30049 - PEDIATRIC INITIAL EVALUATION 1,Booklet,14000,Physiotherapy,,,General Office
O30051 - ANESTHESIA RECORD,Booklet,10000,OR Nursing,3,,General Office
O30052 - POST-ANESTHESIA CARE,Booklet,11000,OR ,3,12000,General Office
O30053 - PRE-ANESTHESIA EVALUATION,Booklet,11000.01,OR ,3,12000,General Office
O30054 - CSF RECORDS,Booklet,10000,Lab,3,12000,General Office
O30055 - DRIVER`S LOG BOOK,Booklet,10000,Admin,1,,General Office
O30056 - BIOCHEMISTRY,Booklet,11000,Lab,1,,General Office
O30057 - HAEMATOLOGY,Booklet,12000,Lab,1,,General Office
O30058 - PARASITOLOGY/URINALYSIS,Booklet,,Lab,1,12000,General Office
O30059 - CROSS MATCH REGISTER,Booklet,11000,Lab,1,,General Office
O30060 - HISTOLOGY SPECIMEN,Booklet,,Lab,1,12000,General Office
O30061 - HISTOPATHOLOGY RECORDS,Booklet,,Lab,1,12000,General Office
O30062 - OUTPATIENT LAB/X-RAY/CT SCAN,Booklet,11000,CT.Scan,5,,General Office
O30063 - ULTRASOUND/ X-RAY REQUEST A5,Booklet,7000,OPD,3,,General Office
O30064 - NEURO CLINICS,Booklet,11000,Ward,5,12000,General Office
O30065 - ICU DAILY ASSESSMENT FORM,Booklet,35000,ICU,2,,General Office
O30066 - SOCIAL ECONOMIC ASSESMENT,Booklet,12000,OPD,5,13000,General Office
O30067 - DISCHARGE FORMS,Booklet,10800,Ward,2,,General Office
O30068 - ADMISSION AND DISCHARGE FORM-1,Booklet,14000,Ward,3,,General Office
O30069 - ADMISSION AND DISCHARGE FORM-2,Booklet,12000,Ward,3,,General Office
O30070 - STORES LEDGER,Booklet,,,,,General Office
O30071 - FLUID BALANCE CHART,Booklet,10000,Ward,5,12000,General Office
O30072 - KITCHEN TO STORE REQ,Booklet,,Kitchen,2,,General Office
O30073 - SWABS/URINE CULTURE RECORD,Booklet,,Lab,1,,General Office
O30074 - WORK UP,Booklet,11000,Ward,,,General Office
O30075 - WARD TO PHARMACY,Booklet,10000,Ward,2,12000,General Office
O30076 - ICU TO PHARMACY,Booklet,10000,ICU,2,,General Office
O30077 - PATIENT ADMISSION CARDS,Pcs,,OPD,50,,General Office
O30078 - PATIENT APPOINTMENT CARDS,Pcs,,OPD,50,,General Office
O30079 - COPIER TONER RICOH MP2501,Pkt,74109.5,Admin,3,,General Office
O30080 - STOCK CARD,Pkt,159.23,OR Nursing,,,General Office
O30081 - PRINTER CARTRIDGE HP 106,Pkt,,Admin,,,General Office
O30082 - PRINTER CARTRIDGE  HP 2015,Pkt,,Admin,,,General Office
O30083 - CERTIFICATE PAPER,Ream,,Admin,,,General Office
O30084 - PHOTOCOPY PAPER,Ream,15400,Admin,5,18000,General Office
O30085 - MANILLA PAPER,Pcs,500,Admin,,,General Office
O30086 - BOX FILES,Pcs,5000,All departments,5,,General Office
O30087 - 2RING BINDERS,Pcs,5000,"Ward, Admin",10,,General Office
O30089 - PHYSICAL THERAPY SCREEN,Booklet,12000,Physiotherapy,,,General Office
O30090 - PHYSICAL THERAPY DISCH SUMMARY,Booklet,,Physiotherapy,,,General Office
O30091 - PHYSICAL THERAPY INITIAL EVAL,Booklet,,Physiotherapy,,,General Office
O30092 - PROGRESS REPORT,Booklet,,Ward,5,,General Office
O30093 - MOVEMENT ANALYSIS,Booklet,,Physiotherapy,,,General Office
O30094 - RE-ADIMISSION AND DISCHARGE,Pcs,13000,Ward,2,14000,General Office
O30095 - THERAPY CLINIC REVIEW FORM,Booklet,,Physiotherapy,,,General Office
O30096 - CLEFT LIP FORM,Booklet,13000,OPD,,,General Office
O30097 - SURGICAL SAFETY CHECKLIST,Booklet,11800,OR Nursing,,,General Office
O30098 - SHOULDER EVALUATION 1,Booklet,12000,Physiotherapy,,,General Office
O30099 - SHOULDER EVALUATION 2,Booklet,12000,Physiotherapy,,,General Office
O30100 - KNEE EVALUATION 1,Booklet,12000,Physiotherapy,,,General Office
O30101 - KNEE EVALUATION 2,Booklet,12000,Physiotherapy,,,General Office
O30102 - CONSENT FORM- ANESTHESIA,Booklet,10000,OR Anaesthesia,2,,General Office
O30103 - HIP EVALUATION 1,Booklet,12000,Physiotherapy,,,General Office
O30104 - ANKLE & FOOT EVALUATION 1,Booklet,12000,Physiotherapy,,,General Office
O30105 - ANKLE & FOOT EVALUATION 2,Booklet,12000,Physiotherapy,,,General Office
O30106 - LUMBAR EVALUATION 1,Booklet,12000,Physiotherapy,,,General Office
O30107 - LUMBAR EVALUATION 2,Booklet,12000,Physiotherapy,,,General Office
O30108 - CERVICAL EVALUATION 1,Booklet,12000,Physiotherapy,,,General Office
O30109 - CERVICAL EVALUATION 2,Booklet,12000,Physiotherapy,,,General Office
O30110 - HIP EVALUATION 2,Booklet,12000,Physiotherapy,,,General Office
O30111 - PATIENT FEES FORM,Booklet,,Social Work,,,General Office
O30112 - DAILY NURSES ASSIGNMENT,Booklet,,Ward,,,General Office
O30113 - PHYSIOTHERAPY DISCHARGE FORM,Pcs,,Physiotherapy,,,General Office
O30114 - SHIP Booklet,Booklet,2800,Social Work,100,,General Office
P10001 - ADJUSTABLE CANES,Pcs,,Physiotherapy,,,Physiotherapy
P10002 - CERVICAL COLLARS,Pcs,,Physiotherapy,,,Physiotherapy
P10003 - BRACE SUPPORTS,Pcs,,Physiotherapy,,,Physiotherapy
P10004 - EXTREMITY SUPPORTS,Pcs,,Physiotherapy,,,Physiotherapy
P10005 - SPLINTS,Pcs,,Physiotherapy,,,Physiotherapy
P10006 - STOCKINETTES,Pcs,,Physiotherapy,,,Physiotherapy
P10007 - SLINGS,Pcs,,Physiotherapy,,,Physiotherapy
P10008 - SNARES,Pcs,,Physiotherapy,,,Physiotherapy
P10009 - ORTHOPEDIC SHOES,Pair,,Physiotherapy,,,Physiotherapy
P10010 - SLEEVES,Pair,,Physiotherapy,,,Physiotherapy
P10011 - ORTHOPEDIC KNEE WRAP,Pcs,,Physiotherapy,,,Physiotherapy
P10012 - RESTRAINT BELTS,Pcs,,Physiotherapy,,,Physiotherapy
P10013 - ELEVATOR,Pcs,,Physiotherapy,,,Physiotherapy
P10014 - FORCEPS,Pcs,,Physiotherapy,,,Physiotherapy
P10015 - TUNING FORK,Pcs,,Physiotherapy,,,Physiotherapy
P10016 - COCKUP SPLINT,Pcs,,Physiotherapy,,,Physiotherapy
P10018 - ARM SLINGS,Pcs,,Physiotherapy,,,Physiotherapy
R10001 - BROOM LOCAL,Pcs,,Housekeeping/Laundry,,,Housekeeping/Nursing
R10002 - PLASTIC HANDLE BROOMS,Pcs,,Housekeeping/Laundry,,,Housekeeping/Nursing
R10003 - PLASTIC RAKES,Pcs,,Housekeeping/Laundry,,,Housekeeping/Nursing
R10004 - COBWEB BROOM,Pcs,,Housekeeping/Laundry,,,Housekeeping/Nursing
R10005 - TOILET BRUSH,Pcs,,Housekeeping/Laundry,,,Housekeeping/Nursing
R10006 - CLOTH SCRUBBING BRUSH,Pcs,,Housekeeping/Laundry,,,Housekeeping/Nursing
R10007 - FLOOR SCRUBBING BRUSH,Pcs,5500,Housekeeping/Laundry,,,Housekeeping/Nursing
R10008 - DRYERS/SQEEZERS,Pcs,,Housekeeping/Laundry,,,Housekeeping/Nursing
R10009 - MOPS,Pcs,42604.59,Housekeeping/Laundry,,,Housekeeping/Nursing
R10010 - FLOOR MATS,Pcs,,Housekeeping/Laundry,,,Housekeeping/Nursing
R10011 - JERRICAN 1LTR,Pcs,500,Housekeeping/Laundry,,,Housekeeping/Nursing
R10012 - BUCKETS 5LTRS,Pcs,,Housekeeping/Laundry,,,Housekeeping/Nursing
R10013 - BUCKETS 10LTRS,Pcs,,Housekeeping/Laundry,,,Housekeeping/Nursing
R10014 - BUCKETS 20LTR,Pcs,,Housekeeping/Laundry,,,Housekeeping/Nursing
R10015 - BUCKETS 40LTRS,Pcs,,Housekeeping/Laundry,,,Housekeeping/Nursing
R10016 - BUCKETS 70LTRS,Pcs,,Housekeeping/Laundry,,,Housekeeping/Nursing
R10017 - MOPPING BUCKET,Pcs,,Housekeeping/Laundry,,,Housekeeping/Nursing
R10018 - DOOR MAT,Pcs,10000,Housekeeping/Laundry,,,Housekeeping/Nursing
R10019 - STEP DOWN DUSTBIN,Pcs,,Housekeeping/Laundry,,,Housekeeping/Nursing
R10020 - RAT GLU,Tube,3000,Housekeeping/Laundry,,,Housekeeping/Nursing
R10021 - FISH HOOKS,Pkt,,OR Nursing,,,Housekeeping/Nursing
R10022 - SEAVE,Pcs,,Housekeeping/Laundry,,,Housekeeping/Nursing
R10023 - JERRICAN 20LTRS,Pcs,,Housekeeping/Laundry,,,Housekeeping/Nursing
R20001 - PLASTIC CONTAINERS,Pcs,,Housekeeping/Laundry,,,Housekeeping/Nursing
R20002 - WASHING BASINS,Pcs,,Ward,,,Housekeeping/Nursing
R20003 - RECTANGULAR BASINS,Pcs,1536,Ward,,,Housekeeping/Nursing
R20004 - BEDPAN,Pcs,4050,Ward,,,Housekeeping/Nursing
R20005 - BIG WASTE BASKET,Pcs,,Housekeeping/Laundry,,,Housekeeping/Nursing
R20006 - WHITE PETROLEUM JELLY,Tin,,OR Nursing,,,Housekeeping/Nursing
R20007 - 10 LTR  BACKETLINER,Pkt,,Housekeeping/Laundry,,,Housekeeping/Nursing
R20008 - 20 LTR  BACKETLINER,Pkt,,Housekeeping/Laundry,,,Housekeeping/Nursing
R20009 - 40 LTR  BACKETLINER,Pkt,,Housekeeping/Laundry,,,Housekeeping/Nursing
R20010 - TRASH CAN LINERS,Pcs,303434.65,Housekeeping/Laundry,500,1000,Housekeeping/Nursing
R20011 - SHARPS COLLECTORS,Pcs,4500,Housekeeping/Laundry,,,Housekeeping/Nursing
R20012 - SURGICAL BRUSH,Pcs,,OR Nursing,,,Housekeeping/Nursing
R20013 - SHOES,Pair,,"Kitchen,security,Maintenance",,,Housekeeping/Nursing
R20014 - GUM BOOTS,Pair,,"Housekeeping/Laundry,Gardener,security,Maintenance",,,Housekeeping/Nursing
R20015 - THEATRE BOOTS,Pair,,OR ,,,Housekeeping/Nursing
R20016 - RAIN SUITS,Pcs,,Security,,,Housekeeping/Nursing
R20017 - PALM HATS,Pcs,,Gardener,,,Housekeeping/Nursing
R20018 - DIAPERS,Ctn,,Ward,,,Housekeeping/Nursing
R20019 - DUSTPAN CLEANER BRUSH,Pcs,,Housekeeping/Laundry,,,Housekeeping/Nursing
R20020 - TOILET BINS,Pcs,,Housekeeping/Laundry,,,Housekeeping/Nursing
R20021 - SHOWER CURTAINS,Pcs,,Guest House,,,Housekeeping/Nursing
R20022 - CURTAIN HOOKS,Pcs,,All departments,,,Housekeeping/Nursing
R20023 - FLAT IRON,Pcs,,Housekeeping/Laundry,,,Housekeeping/Nursing
R20024 - INJECTION SAFETY CONTAINERS,Pcs,,"Ward,ICU,Lab,OR,CT.Scan",,,Housekeeping/Nursing
R20025 - WASTE PLASTIC BIN 30Ltr,Pcs,80000,Housekeeping/Laundry,,,Housekeeping/Nursing
R20026 - WASTE PLASTIC BIN 18Ltr,Pcs,42000,Housekeeping/Laundry,,,Housekeeping/Nursing
R20027 - WASTE PLASTIC BIN 17Ltr,Pcs,38000,Housekeeping/Laundry,,,Housekeeping/Nursing
R20028 - WASTE PLASTIC BIN 12Ltr,Pcs,45000,Housekeeping/Laundry,,,Housekeeping/Nursing
R20029 - WASTE PLASTIC BIN 120Ltr,Pcs,249000,Housekeeping/Laundry,,,Housekeeping/Nursing
R30021 - TOILET PAPER,Roll,916,Housekeeping/Laundry,100,850,Housekeeping/Nursing
R30022 - VIM DETERGENT,Tin,,Housekeeping/Laundry,12,3500,Housekeeping/Nursing
R30023 - METHLATED SPIRIT,Bottle,3500,Lab,,,Housekeeping/Nursing
R30024 - INSECTICIDE,Tin,8500.01,Housekeeping/Laundry,6,8500,Housekeeping/Nursing
R30025 - FLOWER INSECTICIDE,Tin,,Gardener,,,Housekeeping/Nursing
R30026 - AIR FRESHNER,Tin,5000,Housekeeping/Laundry,6,6500,Housekeeping/Nursing
R30028 - BLUE BAR SOAP,Pcs,,"Ward,ICU",50,1880,Housekeeping/Nursing
R30029 - SOAP POWDER 5KGS,5kg,40551.1,Housekeeping/Laundry,2,50000,Housekeeping/Nursing
R30030 - PERSIL SOAP,Kg,18000,Housekeeping/Laundry,18,17000,Housekeeping/Nursing
R30031 - FABRIC SOFTENER,1 Ltr,9000,Housekeeping/Laundry,6,8500,Housekeeping/Nursing
R30032 - ARIEL POWDER SOAP MACHINE WASH KGS,Pcs,16000,Housekeeping/Laundry,,,Housekeeping/Nursing
R30033 - SOAP DISH,Pcs,,Housekeeping/Laundry,,,Housekeeping/Nursing
R30034 - LIQUID SOAP 20LTR,20 Ltr,20000,Housekeeping/Laundry,4,44000,Housekeeping/Nursing
R30035 - COLOURED JIK,Box/18,,Housekeeping/Laundry,,,Housekeeping/Nursing
R30036 - JIREH BLEACH 1L,Ltr,5500,Housekeeping/Laundry,,,Housekeeping/Nursing
R30037 - JIREH BLEACH 5L,5 Ltr,,Housekeeping/Laundry,40,18500,Housekeeping/Nursing
R30038 - PRECEPT TABLETS,Tin,,Housekeeping/Laundry,,,Housekeeping/Nursing
R30039 - CHLORHEX 15%/CETRIMIDE,5 Ltr,72601.62,"Ward,OR",5,66146.86,Housekeeping/Nursing
R30040 - CHLORHEXIDINE 4% (HAND WASH),5 Ltr,13533.31,OR Nursing,40,,Housekeeping/Nursing
R30041 - CHLORHEXIDINE GLUCONATE 3%,5 Ltr,,OR Nursing,,,Housekeeping/Nursing
R30042 - CHLORHEXIDINE GLUCONATE 5%,5 Ltr,,OR nursing,,,Housekeeping/Nursing
R30043 - CHLORHEXIDINE 4% (HIBISCRUB),5 Ltr,,OR Nursing,,,Housekeeping/Nursing
R30044 - GLUTARALDEHYDE 2% (Cidex),5 Ltr,,OR,6,160000,Housekeeping/Nursing
R30045 - POVIDONE IODINE 7.5%,Bottle,,"Ward,OR Nursing",,,Housekeeping/Nursing
R30046 - POVIDONE IODINE 10%,Bottle,105500.55,"Ward,OR Nursing",,,Housekeeping/Nursing
R30047 - POVIDONE IODINE 10% 5ltr,5 Ltr,,"Ward,OR Nursing",5,93265,Housekeeping/Nursing
R30049 - ISOPROPYLALCOHOL 95%,20 Ltr,122000,"Ward,OR Nursing",3,86000,Housekeeping/Nursing
R30050 - ANTI-BACTERIALS,Bottle,,OR Nursing,6,6500,Housekeeping/Nursing
R30051 - HANDGEL LIQUID SOAP,1 Ltr,,OR Nursing,5,19500,Housekeeping/Nursing
R30052 - BETADINEÂ® SURGICAL SCRUB,Gallon,26000,OR Nursing,,,Housekeeping/Nursing
R30053 - BETADINEÂ® SOLUTION,Ltr,,OR Nursing,,,Housekeeping/Nursing
R30054 - HAND WASHING SOAP,Tablet,,Guest House,,2200,Housekeeping/Nursing
R30055 - SURGICAL SPIRIT,Bottle,,OR Nursing,,,Housekeeping/Nursing
R30056 - DETTOL SOAP,Tablet,,OR Nursing,,,Housekeeping/Nursing
R30057 - HAND SANITIZER,Bottle,,OR Nursing,,,Housekeeping/Nursing
X10001 - MICROBAR (BAR),Pcs,,X-Ray,,,CT Scan/X-ray
X10002 - CT.SCAN ENVELOPES,Pcs,2000,CT.Scan,100,20000,CT Scan/X-ray
X10003 - X-RAY FILM 17CMX7,Pkt,,X-Ray,1,,CT Scan/X-ray
X10004 - X-RAY FILM (18X24CM),Pkt,,X-Ray,1,,CT Scan/X-ray
X10005 - X-RAY FILM(24X30CM),Pkt,,X-Ray,1,,CT Scan/X-ray
X10006 - X-RAY FILM(35X43CM),Pkt,,X-Ray,1,,CT Scan/X-ray
X10007 - X-RAY FIXER,Box,160000,X-Ray,,,CT Scan/X-ray
X10008 - X-RAY DEVELOPER,Box,265000,X-Ray,,,CT Scan/X-ray
X10009 - CT SCAN FILM 43X35,Pkt,630000,CT.Scan,1,700000,CT Scan/X-ray
X10010 - IOPAMIRO 100ML (CONTRAST MEDIU,Bottle,,CT.Scan,10,90000,CT Scan/X-ray
X10011 - CT SCAN FILM 10 x 24,Box,462800,CT.Scan,1,,CT Scan/X-ray
X10012 - ULTRASOUND GEL,5 Ltr,,X-Ray,2,32406.69,CT Scan/X-ray
X10013 - ULTRAVIST 370MG 100ML,Bottle/100ml,107370,CT.Scan,10,95000,CT Scan/X-ray
X10014 - ULTRA SOUND PAPER,Roll,75000,X-Ray,1,65000,CT Scan/X-ray
X10015 - CT SCAN ROOM BULB,Pcs,,CT.Scan,,,CT Scan/X-ray
X10016 - BARIUM SULPHATE FOR X-RAY,5 Ltr,,X-Ray,,,CT Scan/X-ray
"X10017 - CT SCAN FILM 8""X 10""",Pack,45000,CT.Scan,1,400000,CT Scan/X-ray
X10018 - CT SCAN FILM 10''X12'',Pack,460000,CT.Scan,1,460000,CT Scan/X-ray
